frame_index,timestamp_ns,segment,keyframe,cx,cy,cz,qw,qx,qy,qz
300,10000000000,0,1,0,0,0,1,0,0,0
302,10066666667,0,1,0.03065774881,0.02101488462,-0.005114728022,0.9998318893,-0.003732136143,-0.01036322943,-0.01465836714
303,10100000000,0,0,0.04638084394,0.0270533274,-0.01050492717,0.9997687631,-0.004151926986,-0.01098344681,-0.01801515246
304,10133333333,0,0,0.0605628808,0.03060245669,-0.01735274779,0.9997409196,-0.005030430497,-0.01143442501,-0.01902740951
305,10166666667,0,0,0.06919204034,0.03347361098,-0.02550242604,0.9997111815,-0.005460928727,-0.01174457039,-0.02024344066
306,10200000000,0,0,0.08283823479,0.03361955565,-0.03239288193,0.9995919748,-0.003335836809,-0.01608324334,-0.02336847028
307,10233333333,0,0,0.09527814325,0.03517674574,-0.04289168834,0.999391176,0.002354671471,-0.02073466447,-0.02796080546
308,10266666667,0,1,0.1324654305,0.0549562837,-0.05294356485,0.9982707269,0.01369631086,-0.0379160878,-0.04278243913
309,10300000000,0,0,0.1497713638,0.05841600942,-0.05822327628,0.9975876605,0.01554628989,-0.04292571021,-0.05229298202
310,10333333333,0,0,0.1639899043,0.05615363343,-0.06831412996,0.9969605004,0.01908517581,-0.04551803278,-0.06027956092
311,10366666667,0,0,0.1799686563,0.06216731298,-0.07773361757,0.9960284791,0.02675301927,-0.04871555407,-0.06955817436
312,10400000000,0,0,0.197551758,0.0672013173,-0.08642964607,0.9953322956,0.02845571461,-0.05055259371,-0.07712541051
313,10433333333,0,0,0.2117693294,0.06235931756,-0.09011818313,0.9950147266,0.02653199098,-0.05181973943,-0.08097198246
314,10466666667,0,1,0.2523622452,0.07003445854,-0.08008959474,0.9932486941,0.03996109056,-0.06494947249,-0.08741686878
315,10500000000,0,0,0.2675473114,0.07129821037,-0.0906119703,0.992641841,0.0421115566,-0.06571526425,-0.09257589546
316,10533333333,0,0,0.2842740978,0.06627674288,-0.09043288353,0.9921647894,0.04043743805,-0.07018668621,-0.0951192586
317,10566666667,0,0,0.3010515731,0.06232590956,-0.09351838804,0.9913628648,0.04462424656,-0.07691830434,-0.09639461293
318,10600000000,0,0,0.3179683292,0.06435242479,-0.09798464197,0.9903067569,0.04795525731,-0.08159081649,-0.1016649358
319,10633333333,0,0,0.336542296,0.06135126486,-0.09614213697,0.9896552408,0.04797291614,-0.08462601969,-0.1054492322
320,10666666667,0,1,0.3691275916,0.06170519467,-0.08657619041,0.9882634381,0.05238080033,-0.09219351407,-0.1099635601
321,10700000000,0,0,0.3899908047,0.05899444692,-0.08382401655,0.9881653979,0.05336162977,-0.09081084416,-0.1115126604
322,10733333333,0,0,0.4085438188,0.04890722886,-0.08630618167,0.9884136343,0.05466047815,-0.0874074307,-0.1114031447
323,10766666667,0,0,0.4254771703,0.04231578498,-0.09775156416,0.9887691895,0.05582309596,-0.085588809,-0.1090588266
324,10800000000,0,0,0.4423587384,0.03580570163,-0.1035344194,0.9888247314,0.05349673652,-0.08683979383,-0.1087317804
325,10833333333,0,0,0.4605790865,0.02402649962,-0.1005912731,0.9883446837,0.05458165527,-0.08904292083,-0.1107564327
326,10866666667,0,1,0.4920078361,0.01268534109,-0.09539329909,0.9868323029,0.06367657782,-0.09800455919,-0.1118141572
327,10900000000,0,0,0.5115762252,0.0116482437,-0.1036263774,0.9860670112,0.06935332862,-0.09881573553,-0.1144439415
328,10933333333,0,0,0.5320993382,-0.006259172748,-0.1088473547,0.9857426146,0.0673579259,-0.09953389151,-0.117759976
329,10966666667,0,0,0.552139572,-0.02664503818,-0.1168634808,0.984921084,0.07288905952,-0.09926965096,-0.121503826
330,11000000000,0,0,0.5698902057,-0.0289554108,-0.1253753282,0.9829889719,0.08562733246,-0.09708169423,-0.1302911573
331,11033333333,0,0,0.5897083151,-0.04540245526,-0.1369631181,0.98153843,0.08825872688,-0.09617781034,-0.1397946221
332,11066666667,0,1,0.615066438,-0.07147509178,-0.137812202,0.9794834807,0.09055010241,-0.1011961032,-0.1489031186
333,11100000000,0,0,0.6304361533,-0.07733937025,-0.1482215447,0.9775536908,0.1004285171,-0.09924358578,-0.1563764857
334,11133333333,0,0,0.6421912813,-0.08913048053,-0.1624008929,0.9763947649,0.1028516989,-0.09875100457,-0.1622437371
335,11166666667,0,0,0.6554820292,-0.1076221029,-0.1758377387,0.9748129464,0.1040000182,-0.1024176243,-0.1686248677
336,11200000000,0,0,0.6716841776,-0.1203835892,-0.1890919509,0.9726138795,0.1096992052,-0.1065399026,-0.1750359247
337,11233333333,0,0,0.6886685393,-0.1300761656,-0.2024195239,0.970342294,0.113843158,-0.1095406929,-0.1829655827
338,11266666667,0,1,0.7095782131,-0.1570719265,-0.2063834314,0.9681210015,0.1127515973,-0.1157988096,-0.1913620637
339,11300000000,0,0,0.7205497453,-0.1659270436,-0.2211233007,0.9657915318,0.1212312733,-0.1144981699,-0.1985947244
340,11333333333,0,0,0.7258832215,-0.1702114026,-0.235629654,0.9643528943,0.126648252,-0.1142417242,-0.2023179281
341,11366666667,0,0,0.7274868645,-0.1824149253,-0.2501754491,0.9631945191,0.1298357594,-0.1179476278,-0.2036844399
342,11400000000,0,0,0.7322639581,-0.1931012804,-0.2671382851,0.9603405863,0.1372554858,-0.1271514897,-0.2067350688
343,11433333333,0,0,0.7434458378,-0.1880614277,-0.276856364,0.9564431517,0.1476504792,-0.1403866328,-0.2090632126
344,11466666667,0,1,0.7560936115,-0.1968231003,-0.2868858166,0.9533724479,0.1460882767,-0.1579927952,-0.2116068704
345,11500000000,0,0,0.7709500995,-0.2068522757,-0.2938239003,0.9489276968,0.1435572129,-0.175693094,-0.219224747
346,11533333333,0,0,0.7909229889,-0.2241919999,-0.3016766072,0.9446417801,0.1407337965,-0.1909634354,-0.2266690809
347,11566666667,0,0,0.8051632164,-0.2442301234,-0.3103158342,0.9409775606,0.1407565119,-0.201803722,-0.2324308339
348,11600000000,0,0,0.8322926217,-0.2601384734,-0.3172363506,0.9363243773,0.1451677154,-0.2116592684,-0.2396316945
349,11633333333,0,0,0.8496922293,-0.2738218932,-0.3267251347,0.9332694272,0.1486777017,-0.2126368074,-0.2483721107
350,11666666667,0,1,0.8612868207,-0.289333275,-0.3333055838,0.9300315106,0.150942306,-0.2164010945,-0.2557897103
351,11700000000,0,0,0.8852436696,-0.3085499635,-0.3423133369,0.9271153767,0.1527022625,-0.2210685397,-0.2612810709
352,11733333333,0,0,0.9026291701,-0.3118935114,-0.3514938058,0.9242023208,0.1587951594,-0.2204507938,-0.268394514
353,11766666667,0,0,0.9197317219,-0.334349296,-0.3647589086,0.9206752787,0.1574284254,-0.2210073661,-0.2805870028
354,11800000000,0,1,0.9396292693,-0.3842169943,-0.3794685522,0.9175252209,0.1568399163,-0.2218398545,-0.2904062475
355,11833333333,0,0,0.9578524979,-0.4044371953,-0.3935625813,0.9155085219,0.1712670395,-0.2154052425,-0.2934490228
356,11866666667,0,0,0.9706194905,-0.410325912,-0.4049294592,0.9118066506,0.1898713875,-0.2063098793,-0.2999895363
357,11900000000,0,1,0.9712639167,-0.4506411869,-0.417675776,0.9070265422,0.2030021807,-0.201069352,-0.3092961075
358,11933333333,0,0,0.9755026497,-0.4398594328,-0.4239817982,0.8987322427,0.229829717,-0.198634996,-0.316232186
359,11966666667,0,0,0.986606272,-0.4309656864,-0.423935406,0.8887964379,0.2495152563,-0.2015204416,-0.3273721742
360,12000000000,0,1,0.9779334622,-0.4274480227,-0.4392572137,0.8795554022,0.2606076727,-0.2018097298,-0.3431308326
361,12033333333,0,0,0.976967256,-0.4280051063,-0.4390730763,0.8699193875,0.2698603469,-0.2146317635,-0.3526313352
362,12066666667,0,0,0.983297608,-0.4260111706,-0.4409156273,0.8583062753,0.274673397,-0.2286976979,-0.3681877587
363,12100000000,0,1,0.9990796894,-0.4375781004,-0.4281054945,0.8449887142,0.2736645277,-0.2423540781,-0.3903412608
364,12133333333,0,0,0.9923836495,-0.4452890786,-0.4181122414,0.8319074116,0.2758704694,-0.2468912715,-0.4133645397
365,12166666667,0,0,0.9892563498,-0.4584068026,-0.4178571497,0.8212413671,0.2821196588,-0.248978292,-0.428929977
366,12200000000,0,1,1.003014035,-0.5118919463,-0.4118222263,0.8119268429,0.2823671948,-0.2580595192,-0.4409635513
367,12233333333,0,0,0.9963924077,-0.5197062351,-0.398923995,0.8007064239,0.2915394931,-0.2553688958,-0.4567939073
368,12266666667,0,0,0.9997031703,-0.5122761617,-0.3802014408,0.788519901,0.3016001972,-0.2594472667,-0.4689997895
369,12300000000,0,1,1.029855068,-0.5024925661,-0.3306930917,0.7768000099,0.3018692254,-0.2706439418,-0.4818802468
370,12333333333,0,0,1.0343043,-0.5154761252,-0.3097402782,0.7693745915,0.2850068057,-0.2728334217,-0.5023900703
371,12366666667,0,0,1.028149286,-0.5282556455,-0.2915075768,0.7653118473,0.2673114414,-0.2740159505,-0.5174530206
372,12400000000,0,0,1.024949315,-0.5460565079,-0.2733570393,0.7613312967,0.2517886147,-0.2773135348,-0.529220515
373,12433333333,0,0,1.034998476,-0.558453892,-0.2503795445,0.7572138518,0.2390946387,-0.2811044678,-0.5389259824
374,12466666667,0,1,1.024436953,-0.5687247377,-0.23241451,0.7560677125,0.2243815815,-0.2828150527,-0.5459213918
375,12500000000,0,0,1.032929337,-0.5800357848,-0.210811629,0.7590735606,0.2127485484,-0.2923429588,-0.5413695403
376,12533333333,0,0,1.039186045,-0.5882358583,-0.1861597029,0.7633846609,0.1967820553,-0.3031037877,-0.535395906
377,12566666667,0,0,1.035633382,-0.6025383698,-0.1688554826,0.7654215043,0.1806586174,-0.3159802434,-0.5307060114
378,12600000000,0,0,1.046829498,-0.6239711305,-0.1592373723,0.7652737316,0.1671201583,-0.3337468071,-0.5244425967
379,12633333333,0,1,1.060150122,-0.6338329538,-0.133097572,0.764037207,0.1612693448,-0.3510366718,-0.5167326192
380,12666666667,0,0,1.080688023,-0.6478233299,-0.1154914883,0.766233198,0.1536105274,-0.3648737646,-0.5061201716
381,12700000000,0,0,1.104210463,-0.6618564813,-0.09592667202,0.7674535642,0.1435215538,-0.3756543818,-0.4992998857
382,12733333333,0,0,1.109968724,-0.6819506131,-0.08779894583,0.7658661695,0.134229036,-0.3821511089,-0.4993917362
383,12766666667,0,0,1.131032591,-0.7048662121,-0.07255558037,0.7639493858,0.1311436593,-0.3952403449,-0.4929175857
384,12800000000,0,0,1.157201256,-0.7239959643,-0.05215185432,0.7646238467,0.1293761347,-0.4055092847,-0.4839157044
385,12833333333,0,1,1.166885546,-0.7188873738,-0.03392961286,0.7657188064,0.1304874092,-0.4131171856,-0.4753755742
386,12866666667,0,0,1.186273658,-0.7283063355,-0.02125752725,0.7654928584,0.1260941043,-0.4240343543,-0.4672427923
387,12900000000,0,0,1.209593697,-0.7503938758,-0.0003132342037,0.7635547907,0.1225831497,-0.4363622055,-0.4599407339
388,12933333333,0,0,1.232130826,-0.7628351188,0.01509532885,0.765244465,0.1225974723,-0.4442291124,-0.4494788808
389,12966666667,0,0,1.256826736,-0.7723778607,0.0340283157,0.7660381176,0.1226256619,-0.4532039103,-0.4390384551
390,13000000000,0,0,1.279692639,-0.7864275205,0.05410718721,0.7665091551,0.1215269335,-0.4602451003,-0.4311256978
391,13033333333,0,1,1.294497813,-0.7973983893,0.07922619747,0.7640154506,0.1254421315,-0.4690922854,-0.4248494917
392,13066666667,0,0,1.323965608,-0.8043184733,0.1059490988,0.7624941655,0.1320940673,-0.4779088678,-0.4156403722
393,13100000000,0,0,1.348641723,-0.8149049664,0.1353829937,0.7641826978,0.1349553518,-0.4787383234,-0.4106354528
394,13133333333,0,0,1.364700312,-0.8290084283,0.1530983059,0.7673079179,0.1396479518,-0.4764220019,-0.4059052657
395,13166666667,0,0,1.387890132,-0.8357400031,0.1756396456,0.7680413886,0.1519956223,-0.4761726466,-0.4003365669
396,13200000000,0,0,1.414074089,-0.8361936189,0.1894991591,0.7681698063,0.1625717359,-0.4735634708,-0.3990278417
397,13233333333,0,1,1.436435502,-0.833905664,0.207765451,0.765914575,0.1713638373,-0.4750541845,-0.3979105689
398,13266666667,0,0,1.462752236,-0.8313205597,0.2252811066,0.7671541364,0.172149716,-0.4734972416,-0.3970382457
399,13300000000,0,0,1.484644539,-0.8319789164,0.2361532226,0.7678744254,0.1676699259,-0.472574939,-0.3986584877
400,13333333333,0,0,1.506146044,-0.8372171229,0.2498582957,0.7667467254,0.1604457962,-0.4747504836,-0.4012089031
401,13366666667,0,0,1.527478764,-0.8405040117,0.2590160827,0.7661038064,0.1533695601,-0.4769219724,-0.4026265865
402,13400000000,0,1,1.550856404,-0.8382282333,0.2679937436,0.7639577103,0.1449894238,-0.4808971485,-0.4050735939
403,13433333333,0,0,1.570112966,-0.8501792617,0.2782609126,0.7594557021,0.132407204,-0.4839586303,-0.4141007282
404,13466666667,0,0,1.582658033,-0.8735856693,0.2836956808,0.7551515541,0.1277221327,-0.4850665273,-0.422070671
405,13500000000,0,0,1.606693025,-0.8852712069,0.2930896888,0.750896326,0.1367015667,-0.4823779629,-0.4298591515
406,13533333333,0,0,1.629735413,-0.8950770321,0.2995290972,0.7507339251,0.1453687762,-0.4741794434,-0.4363718002
407,13566666667,0,1,1.645663853,-0.9048762495,0.3014673987,0.7531557743,0.1461055833,-0.4644768328,-0.442346934
408,13600000000,0,0,1.655639079,-0.9223302385,0.2930230517,0.7537733385,0.1458460773,-0.459773661,-0.4462766593
409,13633333333,0,0,1.678545635,-0.9281825953,0.2949564564,0.7497904452,0.1526606784,-0.4632705211,-0.4470899572
410,13666666667,0,0,1.701620516,-0.9372554281,0.3047736724,0.7450263518,0.1524105756,-0.4675212224,-0.4507001866
411,13700000000,0,0,1.715621277,-0.9535670693,0.3175750751,0.7426038658,0.146733469,-0.4701797673,-0.4538058769
412,13733333333,0,0,1.726534902,-0.9723733188,0.3301059366,0.7429721586,0.1444871468,-0.4691210543,-0.4550178814
413,13766666667,0,1,1.745233582,-0.9780450835,0.3395016748,0.744275236,0.1475297036,-0.4648708005,-0.456272395
414,13800000000,0,0,1.761696655,-0.9894924046,0.3517382667,0.7443213375,0.1426061462,-0.4611372933,-0.4615209966
415,13833333333,0,0,1.765093228,-1.018622961,0.3547410629,0.7442257879,0.1351456234,-0.4563696017,-0.4686047629
416,13866666667,0,0,1.777161187,-1.032755078,0.3647057461,0.7420787656,0.1438358573,-0.4561401363,-0.4696451084
417,13900000000,0,0,1.7979572,-1.036206587,0.3798637896,0.7377947183,0.150306723,-0.4564912026,-0.4740069879
418,13933333333,0,0,1.806844728,-1.053920782,0.390786101,0.733017436,0.1461120805,-0.4547539682,-0.4842886814
419,13966666667,0,1,1.805957753,-1.073449744,0.402893026,0.7270938483,0.1506179234,-0.4551387496,-0.4914239468
420,14000000000,0,0,1.822919381,-1.079230137,0.4131734235,0.7224269793,0.1599686084,-0.4580784432,-0.4926189641
421,14033333333,0,0,1.835644026,-1.089373771,0.4277353068,0.7184042808,0.1584293998,-0.4611060854,-0.4961618612
422,14066666667,0,0,1.839270103,-1.105907721,0.4269226996,0.717083276,0.1517256342,-0.4629563576,-0.4984398842
423,14100000000,0,0,1.850054968,-1.111301801,0.432798463,0.711602956,0.1514337266,-0.4722543454,-0.4976594144
424,14133333333,0,0,1.859981494,-1.124527382,0.4434622454,0.7026365966,0.1464087416,-0.4840236765,-0.5005870295
425,14166666667,0,1,1.868038755,-1.152485915,0.4531601839,0.6953731666,0.138158344,-0.4948398694,-0.5024957062
426,14200000000,0,0,1.877793075,-1.168336779,0.4602246384,0.6908564543,0.1374327768,-0.4987357944,-0.5050665291
427,14233333333,0,0,1.886040545,-1.183007556,0.4669131152,0.686279438,0.137240364,-0.5014959488,-0.5086132408
428,14266666667,0,0,1.895469198,-1.198096238,0.4776960215,0.6824289636,0.1375917046,-0.5043481369,-0.5108739465
429,14300000000,0,0,1.904043805,-1.209407285,0.4845893844,0.679682853,0.1378309974,-0.5033305847,-0.515453352
430,14333333333,0,0,1.907627988,-1.222547109,0.4882185604,0.6727450821,0.1403669235,-0.5033351026,-0.5237985832
431,14366666667,0,1,1.911864477,-1.233353348,0.499541025,0.6662027303,0.1432149985,-0.5067018965,-0.528125529
432,14400000000,0,0,1.918585529,-1.243187587,0.5063448338,0.6612725616,0.1439112154,-0.5101206131,-0.5308343635
433,14433333333,0,0,1.925263263,-1.255189963,0.5124506307,0.6544922011,0.1433157294,-0.5147672182,-0.5348974402
434,14466666667,0,0,1.931626389,-1.268322301,0.5191300292,0.6482805538,0.1439350141,-0.5190722096,-0.5381255211
435,14500000000,0,0,1.939620353,-1.279707608,0.525436318,0.6413636076,0.1458244889,-0.5230519851,-0.5420374177
436,14533333333,0,0,1.949457994,-1.291227887,0.5325325454,0.6350895956,0.1464505029,-0.5274269841,-0.5450084698
437,14566666667,0,1,1.959096579,-1.298984832,0.5412867179,0.6311405981,0.1428193466,-0.5311430075,-0.5469472417
438,14600000000,0,0,1.965368615,-1.31147794,0.5484718088,0.6250905989,0.1367184878,-0.5333613876,-0.5532589162
439,14633333333,0,0,1.969365896,-1.325552584,0.5534599428,0.6196592699,0.1335829689,-0.5359832928,-0.5575839753
440,14666666667,0,0,1.979267746,-1.337646175,0.5591146039,0.614930869,0.1314197746,-0.5407282012,-0.5587502856
441,14700000000,0,0,1.993028763,-1.352934913,0.5676494363,0.608207205,0.1268111363,-0.5440600444,-0.5639163054
442,14733333333,0,0,1.997064451,-1.366203129,0.5755759343,0.6028041099,0.1238180144,-0.5432683041,-0.5711005639
443,14766666667,0,1,1.993293737,-1.378171831,0.5824879581,0.6003240179,0.1235239384,-0.5437138002,-0.5733482482
444,14800000000,0,0,1.997365519,-1.390234972,0.5893960331,0.6001026925,0.1219308369,-0.5453900886,-0.5723279485
445,14833333333,0,0,1.992381258,-1.400016898,0.5925860295,0.5986840894,0.1195798758,-0.5488184697,-0.5710309113
446,14866666667,0,0,1.991914455,-1.414692211,0.5975577913,0.596265928,0.1198474841,-0.5567623851,-0.5657907477
447,14900000000,0,0,1.993868558,-1.427024469,0.6057696112,0.5919483555,0.1215904318,-0.5611191639,-0.5656484732
448,14933333333,0,0,1.986170975,-1.440190784,0.6092562857,0.5871774534,0.1247276172,-0.5631650516,-0.5679003296
449,14966666667,0,1,1.975373514,-1.449401949,0.6196220981,0.5829006598,0.1293883634,-0.5682166305,-0.5662290464
450,15000000000,0,0,1.968684913,-1.459832451,0.6274423517,0.5785620384,0.1319643979,-0.5720936151,-0.5661804138
451,15033333333,0,0,1.95336978,-1.469450511,0.633290205,0.5755852785,0.1339035857,-0.5760870302,-0.5647080224
452,15066666667,0,0,1.941460736,-1.47857595,0.6385892759,0.5734904087,0.1354826391,-0.583108292,-0.5592297608
453,15100000000,0,0,1.931673678,-1.488124718,0.6448004238,0.5680151954,0.1347071018,-0.5905304559,-0.5572131686
454,15133333333,0,0,1.914200857,-1.494659056,0.6548094639,0.560921136,0.13444352,-0.5971603272,-0.5573974908
455,15166666667,0,1,1.896757573,-1.503858472,0.6586361875,0.5556093633,0.1369416648,-0.6029700846,-0.5558527619
456,15200000000,0,0,1.887260678,-1.511823379,0.6706894045,0.5513738728,0.1393931315,-0.6063164455,-0.5558208121
457,15233333333,0,0,1.863032016,-1.516886172,0.6772728983,0.549473505,0.1385331906,-0.6053881638,-0.5589209189
458,15266666667,0,0,1.842479918,-1.526007826,0.6796581021,0.5455342097,0.1410969202,-0.6084831346,-0.5587775588
459,15300000000,0,0,1.828635712,-1.532962842,0.689009463,0.5411782182,0.1418403116,-0.6120834947,-0.5588928856
460,15333333333,0,0,1.805949204,-1.542462619,0.694081969,0.5389966606,0.1392288909,-0.6129467151,-0.5607086946
461,15366666667,0,1,1.79028584,-1.553902905,0.6989168593,0.5351643188,0.1408882233,-0.6148737682,-0.5618539932
462,15400000000,0,0,1.771769485,-1.563969119,0.7064886135,0.5320092771,0.1412968692,-0.615255762,-0.5643240835
463,15433333333,0,0,1.748163989,-1.576688201,0.708428324,0.5322474541,0.1389096046,-0.6141448719,-0.5659000315
464,15466666667,0,0,1.727964579,-1.590362157,0.711296823,0.5337843236,0.1376721774,-0.613494028,-0.5654606485
465,15500000000,0,0,1.708166793,-1.601743656,0.7115607183,0.5351651941,0.137558461,-0.6113220206,-0.5665344403
466,15533333333,0,0,1.683412311,-1.620385787,0.7059259046,0.5368311644,0.1362213212,-0.6102411113,-0.5664466778
467,15566666667,0,1,1.668974473,-1.639442718,0.7049639322,0.539695531,0.1366744683,-0.6109293115,-0.5628625053
468,15600000000,0,0,1.657595852,-1.646797195,0.7063900025,0.5415432551,0.1358187661,-0.6092065206,-0.5631621267
469,15633333333,0,0,1.6371339,-1.660902882,0.6966414753,0.5425504421,0.131509855,-0.6061038512,-0.5665529962
470,15666666667,0,0,1.62202891,-1.673772866,0.6919319002,0.5438287338,0.1289651845,-0.6062297104,-0.5657771891
471,15700000000,0,0,1.607272841,-1.683668,0.6894995175,0.5450442232,0.1277096928,-0.6041208564,-0.5671463832
472,15733333333,0,0,1.588391638,-1.695194657,0.674262088,0.5439391251,0.1293113148,-0.600089367,-0.5721027562
473,15766666667,0,1,1.567645583,-1.705281527,0.6581696427,0.5374920615,0.1358281012,-0.5997136773,-0.5770585031
474,15800000000,0,0,1.563552074,-1.70850013,0.6548900417,0.5332980414,0.1411103452,-0.6008079894,-0.5785419858
475,15833333333,0,0,1.547626636,-1.714508677,0.6457789388,0.5329659917,0.1356585904,-0.5984458118,-0.5825861386
476,15866666667,0,0,1.530571009,-1.72016251,0.6214335099,0.5312191908,0.1330705938,-0.5969613245,-0.58628966
477,15900000000,0,0,1.514604567,-1.725356864,0.6076463889,0.5249398161,0.1336221783,-0.6016557173,-0.5870210395
478,15933333333,0,0,1.502789194,-1.729829597,0.6007353595,0.5194501654,0.1339374448,-0.6077016314,-0.5856031197
479,15966666667,0,1,1.487751677,-1.737411473,0.5865971186,0.5154936106,0.1323373397,-0.6098999128,-0.5871756656
480,16000000000,0,0,1.468139378,-1.744576151,0.5725673505,0.5105777252,0.1340993424,-0.6115670025,-0.5893331438
481,16033333333,0,0,1.458094662,-1.746964865,0.5637541604,0.5043556672,0.1417682449,-0.6150769587,-0.5892431252
482,16066666667,0,0,1.450918414,-1.749976501,0.5690586293,0.50079937,0.1457320544,-0.6170012322,-0.5892975809
483,16100000000,0,0,1.438146164,-1.754894749,0.5628401176,0.5028588217,0.1464087582,-0.612326968,-0.5922441771
484,16133333333,0,0,1.427795643,-1.756620803,0.5565241661,0.5088169831,0.1450788096,-0.607191427,-0.5927697594
485,16166666667,0,1,1.426505968,-1.753405512,0.5500653426,0.5154823159,0.1439331949,-0.6003455813,-0.5942612223
486,16200000000,0,0,1.428907742,-1.744577064,0.5597982807,0.5181303486,0.1385040242,-0.5930108752,-0.6005794527
487,16233333333,0,0,1.410071764,-1.746426511,0.5493360175,0.5185448789,0.1263753241,-0.5792956962,-0.6160819608
488,16266666667,0,0,1.395655745,-1.741271319,0.5352943848,0.5174854924,0.1196831315,-0.5679818281,-0.6287140496
489,16300000000,0,0,1.384864692,-1.744004065,0.5440244764,0.5120329476,0.1146498022,-0.5620887052,-0.6393230567
490,16333333333,0,0,1.366656717,-1.747605873,0.5418582437,0.5100523216,0.1109821934,-0.5486505236,-0.6530790035
491,16366666667,0,1,1.353458216,-1.747231715,0.5376639903,0.5103654289,0.1114421009,-0.5350148196,-0.6639781096
492,16400000000,0,0,1.338774629,-1.743063526,0.5363997422,0.5131948396,0.1122748842,-0.5229577948,-0.6712231759
493,16433333333,0,0,1.328497395,-1.73136598,0.5351991337,0.5160537041,0.1145196299,-0.5145609747,-0.6751302334
494,16466666667,0,0,1.318951226,-1.728467598,0.541025898,0.515202822,0.1134201823,-0.5100116632,-0.6794041639
495,16500000000,0,0,1.307108584,-1.724855245,0.5469961579,0.5162199859,0.1127936881,-0.504166685,-0.6830889136
496,16533333333,0,0,1.301549003,-1.714921333,0.5554304527,0.5178402379,0.1125948765,-0.4994210643,-0.6853776203
497,16566666667,0,1,1.284073819,-1.718712621,0.5631489507,0.5169712198,0.1085804271,-0.4922945453,-0.6918071476
498,16600000000,0,0,1.269187441,-1.717320979,0.5661286177,0.5189753696,0.1139175881,-0.4815161773,-0.6970147199
499,16633333333,0,0,1.263745365,-1.707711833,0.5743473902,0.5218108051,0.1236638775,-0.4718869279,-0.6998167305
500,16666666667,0,0,1.257123858,-1.696620064,0.5843750447,0.5223178603,0.1316787092,-0.4632411134,-0.7037417432
501,16700000000,0,0,1.250257841,-1.679271545,0.5928766136,0.5237377884,0.1367649368,-0.4572070838,-0.7056598073
502,16733333333,0,0,1.248115995,-1.665254288,0.6067767374,0.5242688795,0.1358689797,-0.4560238314,-0.706203956
503,16766666667,0,1,1.243923378,-1.657963842,0.6225218568,0.5235020216,0.1310702243,-0.4545760484,-0.7086090924
504,16800000000,0,0,1.238753164,-1.650780189,0.6350308646,0.5243950726,0.1238613257,-0.451086575,-0.7114696632
505,16833333333,0,0,1.232202438,-1.644669716,0.6469730026,0.5255501047,0.1162070791,-0.4451205362,-0.7156540438
506,16866666667,0,0,1.223351842,-1.634710417,0.6551975168,0.5279377938,0.112592705,-0.4378667091,-0.7189418013
507,16900000000,0,0,1.219253861,-1.625809689,0.6676561956,0.5307858581,0.1098774367,-0.4335608025,-0.7198738447
508,16933333333,0,0,1.214047934,-1.615135609,0.6781879401,0.5343503631,0.1068601808,-0.4268112714,-0.7217220586
509,16966666667,0,1,1.217939718,-1.597071318,0.6960316,0.540395397,0.1059401433,-0.4231049054,-0.7195357809
510,17000000000,0,0,1.216142891,-1.580031638,0.7082130282,0.5441064288,0.1007931608,-0.4186297256,-0.7200958865
511,17033333333,0,0,1.215525308,-1.565079503,0.7168344611,0.5458335315,0.09489021542,-0.4160614881,-0.7210786649
512,17066666667,0,0,1.215004968,-1.549561612,0.7251939902,0.5470943946,0.08715831752,-0.4126038952,-0.723083105
513,17100000000,0,0,1.216206591,-1.534786815,0.7335367568,0.5486104992,0.08105957681,-0.410689422,-0.7237334204
514,17133333333,0,1,1.227334926,-1.510537537,0.7544918413,0.5537172659,0.08009475591,-0.4159327765,-0.7169253413
515,17166666667,0,0,1.228718709,-1.493806391,0.7603267984,0.553929266,0.07523591374,-0.4165924241,-0.7169049294
516,17200000000,0,0,1.232510585,-1.477346225,0.7672888649,0.5543866652,0.0714949599,-0.4177582996,-0.7162554707
517,17233333333,0,0,1.235690098,-1.460766998,0.7707760496,0.5539144208,0.06703541037,-0.41723042,-0.7173589372
518,17266666667,0,0,1.239699927,-1.443804792,0.7735405655,0.5534724033,0.06422992599,-0.4156805447,-0.7188549924
519,17300000000,0,0,1.246063084,-1.426596283,0.7760775655,0.5549497438,0.06284177774,-0.4147438243,-0.7183796023
520,17333333333,0,1,1.256495733,-1.408478844,0.7815000157,0.5582564299,0.06028123698,-0.4149029999,-0.7159409415
521,17366666667,0,0,1.263328226,-1.389631398,0.7849978777,0.5604660615,0.05660035496,-0.4146319785,-0.7146709146
522,17400000000,0,0,1.270211199,-1.373880392,0.7838039496,0.5617603936,0.05234800647,-0.4146574234,-0.7139637019
523,17433333333,0,0,1.276804814,-1.358491045,0.782610627,0.5637902228,0.04737299521,-0.4127599668,-0.7138106148
524,17466666667,0,0,1.283216181,-1.343563789,0.7813663625,0.5657572798,0.0420409615,-0.4102807332,-0.7140174913
525,17500000000,0,0,1.288414016,-1.330115886,0.7794927883,0.5667089513,0.03550339656,-0.4066717628,-0.7156804808
526,17533333333,0,1,1.296241878,-1.311834529,0.7811299362,0.5713934578,0.0304828841,-0.404099232,-0.7136414512
527,17566666667,0,0,1.30245951,-1.295471122,0.7796071404,0.5740000592,0.02373556677,-0.4025822737,-0.7126626606
528,17600000000,0,0,1.310107874,-1.278509335,0.7783573636,0.5763841676,0.01939135112,-0.4024079477,-0.7109663216
529,17633333333,0,0,1.315639752,-1.261559365,0.7766462279,0.5749070804,0.01848367347,-0.402867623,-0.7119254744
530,17666666667,0,0,1.320575113,-1.246957726,0.7726786094,0.574331406,0.01726462433,-0.4041139011,-0.7117143555
531,17700000000,0,0,1.326210064,-1.23263106,0.7678929508,0.5752653085,0.01649017483,-0.4059022175,-0.7099586529
532,17733333333,0,1,1.329289504,-1.2181846,0.764149996,0.5768634724,0.01582188851,-0.405766835,-0.7087534675
533,17766666667,0,0,1.332520976,-1.205866375,0.7604340853,0.5774523769,0.01444897868,-0.4045668366,-0.7089891777
534,17800000000,0,0,1.33529748,-1.194484327,0.7561200811,0.5799087486,0.01187344181,-0.4040758064,-0.7073101211
535,17833333333,0,0,1.338145069,-1.183000567,0.752815216,0.5831437433,0.008109178408,-0.4029878617,-0.7053214864
536,17866666667,0,0,1.339281544,-1.172310608,0.7497094331,0.5858435195,0.004241208561,-0.4025387961,-0.7033718081
537,17900000000,0,0,1.341978452,-1.160356988,0.7474150686,0.5882581291,0.0008007994005,-0.4023736875,-0.7014607244
538,17933333333,0,1,1.342031978,-1.148138663,0.7446601984,0.5895325187,0.0002249218785,-0.4024818053,-0.7003283195
539,17966666667,0,0,1.341792338,-1.142233657,0.737560373,0.5927884816,-0.002230640147,-0.3981489244,-0.7000530511
540,18000000000,0,0,1.343843852,-1.130995459,0.7376698913,0.5987618652,-0.001916244912,-0.3955513126,-0.6964335689
541,18033333333,0,0,1.345066535,-1.120585734,0.7354897255,0.6028164403,-0.0001161116346,-0.3986035818,-0.6911783492
542,18066666667,0,0,1.344977725,-1.113180298,0.7302341291,0.6052791725,0.0009555836618,-0.4020986312,-0.686988283
543,18100000000,0,0,1.346209452,-1.106293292,0.7244993162,0.6079823404,0.0008085829905,-0.4059587005,-0.6823154355
544,18133333333,0,1,1.347232247,-1.097530748,0.7206833472,0.6093061225,0.002058837716,-0.4117513586,-0.6776449136
545,18166666667,0,0,1.346202557,-1.091279252,0.7131069433,0.6088916959,0.006399058723,-0.4190660815,-0.673493559
546,18200000000,0,0,1.345413131,-1.085662423,0.7042249622,0.610210633,0.01064552376,-0.4224021635,-0.6701537648
547,18233333333,0,0,1.344485233,-1.079610878,0.6971445001,0.6126844756,0.01766912626,-0.4257999855,-0.6655823824
548,18266666667,0,0,1.34382743,-1.075330933,0.6888128423,0.6169558286,0.02346913504,-0.4293806218,-0.6591259264
549,18300000000,0,0,1.344273316,-1.072193351,0.6821351566,0.6212678314,0.02564421439,-0.4347460748,-0.6514326569
550,18333333333,0,1,1.345353602,-1.070278649,0.677348955,0.6246511,0.02604581861,-0.4420155629,-0.6432377948
551,18366666667,0,0,1.345320497,-1.068296424,0.6706297145,0.6281718093,0.02690590492,-0.4451167677,-0.6376106284
552,18400000000,0,0,1.347230105,-1.064692042,0.6687010809,0.6326927284,0.02845147255,-0.4473458968,-0.631484025
553,18433333333,0,0,1.347804798,-1.058415498,0.6646425044,0.6377199136,0.02927637953,-0.446112104,-0.6272481136
554,18466666667,0,0,1.344438891,-1.052843175,0.657143059,0.6414360022,0.02789123204,-0.4422465598,-0.6262586642
555,18500000000,0,0,1.341168648,-1.049245986,0.6505476658,0.6453787679,0.02731216351,-0.4400583728,-0.6237699257
556,18533333333,0,1,1.344967558,-1.050296174,0.6517813298,0.6481874019,0.03049221897,-0.4450966555,-0.6170998978
557,18566666667,0,0,1.346538416,-1.048049928,0.6486787939,0.6534811249,0.03416183008,-0.4406504061,-0.6145100556
558,18600000000,0,0,1.343171592,-1.044175334,0.6422646909,0.6607764572,0.03552541056,-0.4350235353,-0.6106283179
559,18633333333,0,0,1.34552118,-1.039679671,0.6375736259,0.6662323424,0.03822558977,-0.4365867904,-0.6033781937
560,18666666667,0,0,1.348072761,-1.036646858,0.6343941036,0.6688400043,0.03717882144,-0.4385788996,-0.599098767
561,18700000000,0,0,1.347868376,-1.03492735,0.6305320596,0.67149944,0.03416667557,-0.4381543471,-0.5966086728
562,18733333333,0,0,1.349228114,-1.032158222,0.6270827211,0.6744929044,0.03300566396,-0.4385206236,-0.5930173781
563,18766666667,0,0,1.350752904,-1.032918913,0.6248251558,0.6759311742,0.03154809452,-0.4384874648,-0.5914816216
564,18800000000,0,1,1.350196636,-1.030408914,0.6160749904,0.6803152859,0.03265412195,-0.4316960391,-0.5913910296
565,18833333333,0,0,1.351730938,-1.029171522,0.612638034,0.6835793685,0.03473477569,-0.4286589332,-0.5897154071
566,18866666667,0,0,1.352770502,-1.028343188,0.6088297542,0.687863861,0.03688747015,-0.4259143124,-0.5865830049
567,18900000000,0,0,1.355855367,-1.027611908,0.6050603368,0.6926355669,0.03832223969,-0.4243072249,-0.5820229861
568,18933333333,0,0,1.358912076,-1.026271622,0.6032039856,0.69685,0.03801806535,-0.4218243692,-0.578808177
569,18966666667,0,0,1.359046572,-1.026227068,0.6026566007,0.7021610714,0.03644423031,-0.4189660665,-0.5745512014
570,19000000000,0,0,1.362918131,-1.025062389,0.6009346263,0.7095538488,0.0378438191,-0.4154975549,-0.5678582243
571,19033333333,0,0,1.366686142,-1.020810317,0.6001619811,0.7160991259,0.03639567381,-0.4105576657,-0.563311459
572,19066666667,0,0,1.366134261,-1.019653138,0.5987166222,0.7211382255,0.03130595674,-0.4060171126,-0.5604727479
573,19100000000,0,1,1.370834616,-1.013540375,0.6001910538,0.7269818477,0.03128504456,-0.4025625593,-0.5553935765
574,19133333333,0,0,1.371502883,-1.011113788,0.6010934034,0.7313360244,0.02730019259,-0.3964955111,-0.5542505106
575,19166666667,0,0,1.367290022,-1.011382661,0.5987521189,0.7353103112,0.02561378407,-0.3891265042,-0.5542952679
576,19200000000,0,0,1.374684959,-1.003734577,0.5980641124,0.7409609222,0.03234598077,-0.384074912,-0.5499246414
577,19233333333,0,0,1.374197882,-0.9981630285,0.596684315,0.7456837597,0.02805410253,-0.3744714474,-0.5503997029
578,19266666667,0,0,1.370498131,-0.9962527493,0.5945374153,0.7491625899,0.02481313524,-0.3686882405,-0.5497351213
579,19300000000,0,1,1.374853342,-0.9884612738,0.5952861291,0.7543826222,0.02877947229,-0.3665343484,-0.5438117071
580,19333333333,0,0,1.375715397,-0.9820737931,0.5940630288,0.7578439468,0.02499355861,-0.3610219402,-0.5428729437
581,19366666667,0,0,1.368597724,-0.9813137479,0.5901365489,0.7592421093,0.01832392919,-0.356180026,-0.5443817062
582,19400000000,0,0,1.36773155,-0.9782633219,0.5877258343,0.7622562255,0.01975198048,-0.3571708117,-0.5394481599
583,19433333333,0,0,1.370949663,-0.9748304223,0.587945245,0.7638637115,0.0225498606,-0.359427481,-0.5355516968
584,19466666667,0,0,1.365680304,-0.9762577789,0.5835681965,0.7647394744,0.02158018083,-0.3574411233,-0.5356712383
585,19500000000,0,1,1.365235033,-0.9744385105,0.5813916568,0.766966021,0.02774050892,-0.3592621264,-0.5309654521
586,19533333333,0,0,1.36982651,-0.9712187138,0.5815777837,0.7683675169,0.03428944439,-0.362726216,-0.5261798981
587,19566666667,0,0,1.370940162,-0.9693405495,0.5806028247,0.7690185128,0.03494914076,-0.3632066901,-0.5248523457
588,19600000000,0,0,1.367212759,-0.969080108,0.5776709999,0.7695290439,0.03239460588,-0.3631547831,-0.5243035796
589,19633333333,0,0,1.3652959,-0.9709648735,0.5759180645,0.768234019,0.03128085815,-0.3666490989,-0.5238381795
590,19666666667,0,0,1.364719589,-0.9738735038,0.5753978598,0.7667368933,0.03174396524,-0.3693111163,-0.5241337201
591,19700000000,0,0,1.364978913,-0.9752761842,0.5756092918,0.7668849383,0.03324869499,-0.3687844378,-0.5241946719
592,19733333333,0,0,1.359185495,-0.9776466728,0.5717016967,0.7685916512,0.03234277041,-0.3651892002,-0.5242686973
593,19766666667,0,0,1.356748144,-0.9800158963,0.569315032,0.7690400312,0.03507601152,-0.3681253541,-0.5213739804
594,19800000000,0,0,1.359761334,-0.9815787213,0.5700852862,0.7692821598,0.03798237963,-0.3732530002,-0.5171503605
595,19833333333,0,0,1.357904051,-0.9844761916,0.5697311945,0.7696897148,0.0362980512,-0.3741733035,-0.5159985788
596,19866666667,0,0,1.354243423,-0.9882164058,0.5686216928,0.7701075585,0.03467585661,-0.3746131424,-0.5151668922
597,19900000000,0,0,1.351935325,-0.9908183512,0.5682266996,0.7703713411,0.03503028228,-0.3762491091,-0.5135537792
598,19933333333,0,0,1.349952796,-0.9934785357,0.5680802565,0.7698329002,0.03653712184,-0.3783485983,-0.5127130608
599,19966666667,0,0,1.349066495,-0.995962975,0.5689490544,0.768927552,0.03889256161,-0.3799719716,-0.5126978537
600,20000000000,0,0,1.346073893,-0.9979710797,0.5682690759,0.7686567342,0.04124938254,-0.379420873,-0.5133274924
601,20033333333,0,0,1.343841455,-0.9987775947,0.5676975047,0.7690554147,0.04401956245,-0.3795852631,-0.5123778638
602,20066666667,0,0,1.343610303,-0.998537856,0.5681861841,0.7695885661,0.04602602361,-0.3812995718,-0.5101232015
603,20100000000,0,0,1.342637099,-0.9986821684,0.56876344,0.7700809593,0.04477780225,-0.3827810986,-0.5083786927
604,20133333333,0,0,1.340230819,-1.001179237,0.5696989247,0.7701535643,0.04225600287,-0.383924965,-0.5076214524
605,20166666667,0,1,1.337416694,-1.002047508,0.5685453581,0.7710267355,0.04127207951,-0.382649269,-0.5073400492
606,20200000000,0,0,1.336523872,-1.001438778,0.5691498418,0.7713027469,0.04012958719,-0.383023244,-0.5067295959
607,20233333333,0,0,1.335692337,-1.001779117,0.5694957654,0.770635248,0.03891363287,-0.383873536,-0.5071963644
608,20266666667,0,0,1.333998548,-1.002758573,0.5694491443,0.7697071326,0.03824546187,-0.3834957195,-0.5089393361
609,20300000000,0,0,1.333353557,-1.00329655,0.5695502666,0.7691333622,0.03976830386,-0.3829017296,-0.5101358825
610,20333333333,0,0,1.3323739,-1.002518099,0.5692255703,0.7691078415,0.04115591449,-0.3815293263,-0.511091667
611,20366666667,0,0,1.331550635,-1.002406008,0.5689609583,0.7687706175,0.04165800555,-0.3824957668,-0.5108359194
612,20400000000,0,0,1.331399457,-1.003323008,0.5683399319,0.7682829045,0.04209567566,-0.383540812,-0.5107502112
