frame_index,timestamp_ns,segment,keyframe,cx,cy,cz,qw,qx,qy,qz,predicted,confidence
0,0,0,1,-0.005966493572,0.01838143829,-0.002236498977,0.99995402,0.004327616065,0.005143170778,0.006839406126,0,1
6,200000000,0,1,-0.006008838091,0.02420362985,0.06470753887,0.9997142226,-0.01883122836,-0.01130092721,0.009441768831,0,1
7,233333333,0,0,-0.009094588814,0.02811067593,0.07475898307,0.9996812942,-0.01968197828,-0.01337679278,0.0084256304,0,1
8,266666667,0,0,-0.008374147484,0.03482818449,0.08483038382,0.9995347735,-0.02338426806,-0.01740898181,0.008963248982,0,1
9,300000000,0,0,-0.005964509701,0.03376142784,0.09638651915,0.9992631948,-0.0312774981,-0.02036614052,0.008944604164,0,1
10,333333333,0,0,-0.004030853973,0.03383377461,0.1075952556,0.9991035193,-0.03635753983,-0.02025848416,0.007738270341,0,1
11,366666667,0,0,-0.005176334395,0.03335839587,0.1191869151,0.998963394,-0.04120271312,-0.0185672875,0.005452500707,0,1
12,400000000,0,0,-0.003934079031,0.02891330637,0.1317658032,0.9988611288,-0.0441931041,-0.0175099992,0.004100603098,0,1
13,433333333,0,0,-0.004833187842,0.02751204317,0.1430377773,0.9990118876,-0.04166552645,-0.0146947741,0.004826584681,0,1
14,466666667,0,0,-0.00952833245,0.0350087448,0.1523603957,0.9991900818,-0.03770304061,-0.01277181526,0.005877227151,0,1
15,500000000,0,1,-0.008561012125,0.03743557024,0.163855746,0.9991070684,-0.03907756723,-0.01441718514,0.007081982817,0,1
16,533333333,0,0,-0.008373679568,0.03735587373,0.1761134112,0.9990475468,-0.04010695461,-0.01507155319,0.00826315478,0,1
17,566666667,0,0,-0.008063814895,0.04422132489,0.1866865679,0.9990437168,-0.0395832805,-0.01553833129,0.0101674021,0,1
18,600000000,0,0,-0.005838289171,0.04473767581,0.199400056,0.9989784475,-0.0419887785,-0.01430780154,0.008619211907,0,1
19,633333333,0,0,-0.005918822776,0.04828130104,0.2105478668,0.9989898209,-0.04271898403,-0.01146988905,0.007928924284,0,1
20,666666667,0,0,-0.004881117515,0.04813120451,0.2229194774,0.9989241986,-0.04506847307,-0.00843309265,0.006939827557,0,1
21,700000000,0,0,-0.008676728853,0.05107588521,0.2338844622,0.9990215495,-0.04382390109,-0.004285072461,0.004128862903,0,1
22,733333333,0,0,-0.009096572109,0.0537752161,0.2440876424,0.9990551,-0.04325755535,-0.003006826746,0.002941098465,0,1
23,766666667,0,1,-0.01717847892,0.05554329199,0.2541493986,0.9990734481,-0.04303604828,0.0001545724127,0.0003462984791,0,1
24,800000000,0,0,-0.02234658949,0.05945862079,0.2639241544,0.9990675684,-0.04286889657,-0.005116248523,0.000274823044,0,1
25,833333333,0,0,-0.02160519382,0.06207442618,0.2740422405,0.9989534578,-0.04402482586,-0.01190035222,0.003490770355,0,1
26,866666667,0,0,-0.02189540482,0.06470361032,0.2837669814,0.9987752855,-0.04567308081,-0.01798440311,0.00620161177,0,1
27,900000000,0,0,-0.01754396478,0.06417114853,0.2936300896,0.9986357376,-0.04631547015,-0.02248912075,0.008705188548,0,1
28,933333333,0,0,-0.01884603019,0.07131951642,0.3005379752,0.9987788064,-0.0433292977,-0.02165338403,0.009726190405,0,1
29,966666667,0,0,-0.01804569964,0.0725057551,0.3095828062,0.9986543076,-0.04556475373,-0.02205271641,0.01127407696,0,1
30,1000000000,0,0,-0.01865264432,0.07854992506,0.3163703334,0.9987233883,-0.04470068967,-0.02046640055,0.01160036495,0,1
31,1033333333,0,1,-0.01956818231,0.08512733067,0.323647618,0.9985491053,-0.0481327564,-0.02024488105,0.01315548955,0,1
32,1066666667,0,0,-0.0187319953,0.08764793088,0.3305316478,0.9981132636,-0.05523857768,-0.02071350483,0.0170165566,0,1
33,1100000000,0,0,-0.02565121384,0.08789040712,0.3353181305,0.9974914903,-0.06476523644,-0.02069160923,0.01969893925,0,1
34,1133333333,0,0,-0.02463210581,0.08308060869,0.3419680146,0.9966551224,-0.0730084156,-0.03085919852,0.01990095641,0,1
35,1166666667,0,0,-0.01700544077,0.08489130918,0.3438362341,0.9963546269,-0.07343332048,-0.03813865022,0.02074724619,0,1
36,1200000000,0,0,-0.0155821425,0.08368433556,0.3446818082,0.9960449222,-0.07751517177,-0.03714696781,0.02249475041,0,1
37,1233333333,0,0,-0.01755964263,0.07862738404,0.3441058834,0.995825317,-0.08067438919,-0.03579860557,0.02328176963,0,1
38,1266666667,0,0,-0.01971134862,0.07725692705,0.3404009938,0.9958222154,-0.08027293835,-0.03725359384,0.02250645245,0,1
39,1300000000,0,0,-0.01815619673,0.07286796949,0.3365800778,0.9956627044,-0.08101624783,-0.04071060018,0.02085170791,0,1
40,1333333333,0,0,-0.01832385155,0.0680421156,0.3305368708,0.9958047508,-0.07924217162,-0.04194629729,0.01827798398,0,1
41,1366666667,0,0,-0.01801918939,0.06272169249,0.3235818571,0.9960434379,-0.07592336262,-0.04317253671,0.01640868236,0,1
42,1400000000,0,0,-0.01979097434,0.06098655893,0.3136824903,0.9963816406,-0.07090706124,-0.04377591759,0.01671777205,0,1
43,1433333333,0,0,-0.02123588615,0.05643555537,0.3047034366,0.9963847528,-0.06895951395,-0.0463072671,0.01782265079,0,1
44,1466666667,0,0,-0.02042275428,0.05236920349,0.2947040786,0.9963495331,-0.06627782893,-0.05054116729,0.01845122484,0,1
45,1500000000,0,0,-0.01789808228,0.0490552714,0.284115445,0.9963633053,-0.06347514566,-0.05370683971,0.01861840834,0,1
46,1533333333,0,0,-0.01586430146,0.04550006062,0.2730391866,0.9964357032,-0.06118722184,-0.05505869935,0.01845407285,0,1
47,1566666667,0,0,-0.01440252169,0.03885885655,0.2621914447,0.9965490038,-0.05978631708,-0.05491683761,0.01731531738,0,1
48,1600000000,0,0,-0.01446204321,0.03865372321,0.2482594648,0.9969135588,-0.05519105679,-0.0540619835,0.01395010997,0,1
49,1633333333,0,0,-0.01431847942,0.03779230706,0.2344136048,0.9970557722,-0.05482895105,-0.05251657097,0.01075095673,0,1
50,1666666667,0,0,-0.01855595843,0.0387118169,0.2201642529,0.9970794336,-0.05672001653,-0.05054975048,0.007756647217,0,1
51,1700000000,0,1,-0.01653093548,0.02804336631,0.2112882121,0.9963339892,-0.06524569233,-0.05507060811,0.005367473027,0,1
52,1733333333,0,0,-0.01566522709,0.02119017801,0.1989852309,0.9961261103,-0.06511809899,-0.05896932026,0.003876197426,0,1
53,1766666667,0,0,-0.01424657808,0.01885996582,0.1848999159,0.9961084119,-0.06277968897,-0.06178670096,0.003024223182,0,1
54,1800000000,0,0,-0.01148124364,0.01283663209,0.172528549,0.9960202821,-0.06175151234,-0.06423815536,0.001951358511,0,1
55,1833333333,0,0,-0.007495014129,0.005760793869,0.1602986774,0.9961464754,-0.05882673909,-0.06504789648,0.0006208175052,0,1
56,1866666667,0,0,-0.003892686222,0.004770887327,0.1458169485,0.9967504196,-0.05075980268,-0.06253917699,-0.0009459720418,0,1
57,1900000000,0,0,-0.001283271186,0.005275125588,0.1319281849,0.9972307189,-0.04609189664,-0.05825407949,-0.003590622694,0,1
58,1933333333,0,0,0.002331929263,-0.001402181691,0.1211748306,0.9975952748,-0.04433100248,-0.05306147408,-0.004786418207,0,1
59,1966666667,0,0,-0.0005181464471,-0.004673204678,0.1078124786,0.9981490638,-0.03929015241,-0.04596967279,-0.006443572771,0,1
60,2000000000,0,0,-0.001518457709,-0.00676068376,0.09468995032,0.9984692593,-0.03502667358,-0.0421610152,-0.007397238043,0,1
61,2033333333,0,0,-0.0007558376084,-0.01124203145,0.08284287742,0.9986956519,-0.03146498493,-0.03955541578,-0.007233165777,0,1
62,2066666667,0,0,0.0004339165426,-0.01357811797,0.07089306542,0.9989094894,-0.02690269924,-0.03747441436,-0.007193401682,0,1
63,2100000000,0,0,0.001183450573,-0.01483205442,0.05874925929,0.9991147359,-0.02221502989,-0.03479691957,-0.008087732997,0,1
64,2133333333,0,0,0.002326891589,-0.0157557309,0.04836859704,0.999298024,-0.01831707554,-0.03167831307,-0.008026733209,0,1
65,2166666667,0,0,0.00433427033,-0.01526450155,0.03754958463,0.9994688159,-0.01469259086,-0.02792087803,-0.008163231192,0,1
66,2200000000,0,0,0.004004054867,-0.01574848127,0.02766071619,0.9996271542,-0.01269752385,-0.02285972785,-0.007858647096,0,1
67,2233333333,0,0,-0.0001853857413,-0.01567234366,0.01776111014,0.9997558418,-0.01086014907,-0.01761729887,-0.007742395662,0,1
68,2266666667,0,0,-0.005651573718,-0.01500388095,0.007913036483,0.9998140919,-0.009934500138,-0.01464260943,-0.007660371734,0,1
69,2300000000,0,0,-0.009659281047,-0.01612909521,-0.0006459364643,0.9998085685,-0.01026097163,-0.01502894556,-0.007188160622,0,1
70,2333333333,0,0,-0.01025510947,-0.02064438699,-0.008181186413,0.9997733292,-0.01040989209,-0.01764482324,-0.005795212331,0,1
71,2366666667,0,1,-0.001985331682,-0.0229460363,-0.0157049151,0.9997032644,-0.007480573922,-0.02288836886,-0.003680587078,0,1
72,2400000000,0,0,0.003603801247,-0.02821823322,-0.02363772671,0.9997035251,-0.004171616273,-0.02380647294,-0.002951511291,0,1
73,2433333333,0,0,0.01192150215,-0.03770564487,-0.02930270436,0.9997611404,0.003173520642,-0.02157603814,-0.001437173736,0,1
74,2466666667,0,0,0.01322800031,-0.03370798964,-0.04144266237,0.9997632299,0.01681942807,-0.0137450366,-0.001290349081,0,1
75,2500000000,0,0,0.01616566243,-0.03772472785,-0.04915730082,0.9996098796,0.02720616433,-0.006292566926,0.0005627907245,0,1
76,2533333333,0,0,0.01522938903,-0.03479804103,-0.05908440423,0.9990808986,0.04267579085,0.002018867529,0.003472630283,0,1
77,2566666667,0,1,0.01852202234,-0.03462536468,-0.07269487004,0.9983966146,0.05577238525,0.008560467763,0.004512146657,0,1
78,2600000000,0,0,0.01762119284,-0.03252775886,-0.08166726447,0.9974977935,0.06847726369,0.01636686614,0.006414204668,0,1
79,2633333333,0,0,0.0214176201,-0.02848606344,-0.0884194285,0.9965127231,0.07993453367,0.02216177651,0.009039834378,0,1
80,2666666667,0,0,0.01946627674,-0.02489075572,-0.09451473187,0.9955599587,0.088738631,0.02938082852,0.01107207997,0,1
81,2700000000,0,0,0.01419648613,-0.01861971344,-0.09953050501,0.9947854842,0.09523631271,0.03394485048,0.01340269455,0,1
82,2733333333,0,0,0.01584472751,-0.01541436548,-0.1005551857,0.9944783912,0.09788094089,0.03448068368,0.01559272931,0,1
83,2766666667,0,1,0.01612049735,-0.01279195431,-0.09710646237,0.9943262422,0.09906123914,0.03505156109,0.01654034621,0,1
84,2800000000,0,0,0.01519957554,-0.007372246213,-0.09411522036,0.9943629651,0.09877140479,0.03443905168,0.01733363727,0,1
85,2833333333,0,0,0.01595945465,-0.004544892352,-0.08826817723,0.9948164202,0.09420584659,0.03377618863,0.01801992599,0,1
86,2866666667,0,0,0.01455544877,-0.001894801035,-0.08099222492,0.9953608586,0.08871287981,0.03349630286,0.01627217861,0,1
87,2900000000,0,0,0.01446812142,-0.00176050486,-0.07213639102,0.9960367509,0.08145744758,0.03263495082,0.01450637804,0,1
88,2933333333,0,0,0.01088448301,-0.003617703613,-0.06151071082,0.9965601269,0.07517604626,0.03242677915,0.01284443239,0,1
89,2966666667,0,0,0.007441909218,0.006850593627,-0.0507660372,0.9969366943,0.07126098227,0.03022881879,0.01119457296,0,1
90,3000000000,0,1,0.001426511016,0.0131304509,-0.03576817998,0.9978147637,0.05934918018,0.02809192432,0.007363145226,0,1
91,3033333333,0,0,-0.002997175096,0.004175689541,-0.02262990922,0.998678382,0.0447117398,0.02478268427,0.005307376109,0,1
92,3066666667,0,0,-0.007055105261,0.006346380864,-0.01039958411,0.9991304618,0.0365714595,0.01971219428,0.003504012782,0,1
93,3100000000,0,0,-0.01153240694,0.01008838367,0.002024098039,0.9995384694,0.02694376728,0.01388933255,0.001992001362,0,1
94,3133333333,0,0,-0.01391331335,0.007226537226,0.01476325681,0.999856036,0.01561652184,0.006514839601,0.001260300628,0,1
95,3166666667,0,0,-0.01364599027,0.00392904069,0.02816737382,0.9999782226,0.006464171642,-0.0006407210472,0.001165429174,0,1
96,3200000000,0,0,-0.01559428739,0.002375863172,0.0402137887,0.9999815563,0.002347270489,-0.005484586015,0.001138726739,0,1
97,3233333333,0,0,-0.01668832812,0.008775696785,0.05134139364,0.9999453855,-0.001780059296,-0.01029604782,0.0002207581674,0,1
98,3266666667,0,0,-0.01807769927,0.00585421372,0.06545293076,0.9998530977,-0.00941538294,-0.01431136073,-0.0005643227199,0,1
99,3300000000,0,0,-0.01843700672,0.007449817916,0.07822992844,0.9997583553,-0.01259111694,-0.01801045402,-0.0005641229131,0,1
100,3333333333,0,0,-0.015880366,0.008969358321,0.09078585608,0.9996107038,-0.01741512324,-0.02179800236,-3.83184473e-05,0,1
101,3366666667,0,0,-0.0157187209,0.006645351606,0.1045157703,0.9994841803,-0.02253381321,-0.02285806034,0.001053443116,0,1
102,3400000000,0,0,-0.01807387238,0.008841544134,0.1166195024,0.9994138207,-0.02489001669,-0.02348875133,0.0008835246517,0,1
103,3433333333,0,0,-0.01550295752,0.006273990314,0.1308447132,0.9992593234,-0.02876905778,-0.02547570154,0.002033339903,0,1
104,3466666667,0,0,-0.01804580742,0.008440908504,0.1432284609,0.9992547621,-0.02890052032,-0.02518532731,0.004514391806,0,1
105,3500000000,0,0,-0.01402494342,0.0107040011,0.1565061866,0.9991354265,-0.03052296134,-0.02760552862,0.005889246233,0,1
106,3533333333,0,0,-0.009680605804,0.00742219479,0.1703585599,0.9991400808,-0.03124446712,-0.02661608479,0.005870791669,0,1
107,3566666667,0,0,-0.009358212492,0.0133598455,0.1818328162,0.9993198373,-0.02837768273,-0.02267046497,0.006373371057,0,1
108,3600000000,0,0,-0.006688856204,0.01235166549,0.1958283043,0.9993610294,-0.02976845178,-0.01880711004,0.006137163759,0,1
109,3633333333,0,0,-0.007286718816,0.01479613351,0.2093162933,0.9994936938,-0.02795914357,-0.01343750457,0.007076427471,0,1
110,3666666667,0,1,-0.008268622955,0.01454479083,0.2199177893,0.9995593289,-0.02749057293,-0.00848563982,0.007308242095,0,1
111,3700000000,0,0,-0.00616494102,0.02141414783,0.2312566796,0.9996140174,-0.02564892625,-0.003978660098,0.009905502882,0,1
112,3733333333,0,0,-0.006432679042,0.02500250662,0.2440523098,0.999503083,-0.0280857208,0.0004509212709,0.01430301106,0,1
113,3766666667,0,0,-0.006608174265,0.03017576219,0.2556216525,0.99940257,-0.02995330415,0.004017548161,0.01676788643,0,1
114,3800000000,0,0,-0.00618378192,0.03410671109,0.2677480443,0.9992233526,-0.03429321194,0.005954746942,0.01847182299,0,1
115,3833333333,0,0,-0.005004562792,0.0380614973,0.2789856622,0.9990328246,-0.03830402374,0.00780177085,0.02013329526,0,1
116,3866666667,0,0,-0.006673275976,0.04157602069,0.2905805941,0.9988113531,-0.04275299492,0.01054570238,0.02090096876,0,1
117,3900000000,0,0,-0.007727438087,0.04567580001,0.3012862043,0.9986012203,-0.04630318793,0.01153664485,0.02277110946,0,1
118,3933333333,0,1,-0.01332951465,0.05049977095,0.309600539,0.9983700292,-0.05074862923,0.01417560341,0.02192974486,0,1
119,3966666667,0,0,-0.01486508325,0.05180611085,0.3205549307,0.9979310248,-0.05827827709,0.01281095499,0.02394142207,0,1
120,4000000000,0,0,-0.0158637928,0.05398016021,0.3296350334,0.9976913248,-0.06209738447,0.01135492483,0.02503998812,0,1
121,4033333333,0,0,-0.0167840084,0.05332696385,0.3389217435,0.9974141076,-0.06639383189,0.00997228178,0.02564196943,0,1
122,4066666667,0,0,-0.01811358017,0.05638228061,0.3456124319,0.9973584239,-0.06595619234,0.008865312906,0.02910947039,0,1
123,4100000000,0,0,-0.01865700906,0.0619598633,0.350957361,0.9973407481,-0.06597684447,0.006988900218,0.03016029549,0,1
124,4133333333,0,0,-0.0188459779,0.06528185461,0.3559733899,0.997006297,-0.06938988027,0.005656225577,0.03363770689,0,1
125,4166666667,0,1,-0.02115498705,0.07174197953,0.357709328,0.996777528,-0.07277102054,0.005369816265,0.03331821233,0,1
126,4200000000,0,0,-0.0173271678,0.07307769653,0.360277979,0.9962748546,-0.08182481693,0.003889555077,0.02694410456,0,1
127,4233333333,0,0,-0.01626460975,0.0660204143,0.3622885208,0.9955870971,-0.09098171884,0.008687175139,0.02128830335,0,1
128,4266666667,0,0,-0.02015577721,0.06303948531,0.3614786603,0.9954890075,-0.09238250261,0.01380801173,0.01662672679,0,1
129,4300000000,0,0,-0.02263421874,0.06031983747,0.3578199754,0.9954906307,-0.09265211841,0.01370146156,0.01504191044,0,1
130,4333333333,0,0,-0.02398089518,0.054757866,0.352718556,0.99554191,-0.09251483606,0.01052936561,0.01504802513,0,1
131,4366666667,0,0,-0.02308097095,0.05313185257,0.3442528075,0.9959570622,-0.08855929954,0.005970647213,0.01382504976,0,1
132,4400000000,0,0,-0.02346804835,0.05067538473,0.3345207094,0.9962481494,-0.08548531004,0.004221548851,0.01280879231,0,1
133,4433333333,0,0,-0.02494381759,0.04956164835,0.3239731686,0.9963418692,-0.08487388463,0.001381050669,0.009868944682,0,1
134,4466666667,0,0,-0.02408239958,0.04280106941,0.3139654302,0.9962419044,-0.08624036139,-0.001962420609,0.007798515659,0,1
135,4500000000,0,0,-0.02710221823,0.04185104316,0.3011008225,0.9964935442,-0.08322204758,-0.004186453505,0.007561796301,0,1
136,4533333333,0,0,-0.02912765451,0.03709448264,0.2895458278,0.9962522769,-0.08570496203,-0.009462264255,0.00682098448,0,1
137,4566666667,0,0,-0.02913637228,0.03432455304,0.2762080844,0.9963150983,-0.0838807268,-0.01633229133,0.007314694799,0,1
138,4600000000,0,0,-0.02724220849,0.03133289607,0.2621618834,0.9962660901,-0.08285304873,-0.02314117469,0.007330487698,0,1
139,4633333333,0,0,-0.02623286232,0.03092753662,0.2471480571,0.9962027722,-0.08226320127,-0.02762793888,0.007035583978,0,1
140,4666666667,0,0,-0.02614250936,0.02227815262,0.234896933,0.9958975972,-0.08457666885,-0.03168616918,0.005545233432,0,1
141,4700000000,0,0,-0.02264802404,0.01756020634,0.2188502064,0.9962433202,-0.07904846347,-0.03530206835,0.002086005161,0,1
142,4733333333,0,0,-0.02312645775,0.02024522349,0.2013203737,0.9967219591,-0.07321844676,-0.03432515396,-0.002485786022,0,1
143,4766666667,0,0,-0.02217172925,0.01202121778,0.1871735152,0.9967162116,-0.07335260491,-0.03361095023,-0.00681857166,0,1
144,4800000000,0,0,-0.02197745678,0.005269503696,0.1718269797,0.9971370205,-0.06803390878,-0.03129040048,-0.01049097288,0,1
145,4833333333,0,1,-0.02009491442,0.01275286236,0.1558888368,0.9977861196,-0.05849715297,-0.02920619245,-0.01216310054,0,1
146,4866666667,0,0,-0.0197920518,0.006006536881,0.1430466866,0.9977224434,-0.06020512261,-0.02685859862,-0.01427882687,0,1
147,4900000000,0,0,-0.02244829455,0.0005792053847,0.1289589907,0.9980091294,-0.05577245042,-0.02518224846,-0.01526649242,0,1
148,4933333333,0,0,-0.0217331623,0.001036520228,0.1132868202,0.9982789529,-0.05011165241,-0.02603038579,-0.01582319481,0,1
149,4966666667,0,0,-0.01911871607,0.0008760942873,0.09894075619,0.9983936566,-0.04794752041,-0.0256951268,-0.015839894,0,1
150,5000000000,0,0,-0.01780465211,-0.007294080008,0.08820925067,0.9984265537,-0.04761571406,-0.02437193427,-0.01682764175,0,1
151,5033333333,0,0,-0.01494138346,-0.01185100128,0.07590014265,0.9987056018,-0.04171189998,-0.02277303691,-0.01812807329,0,1
152,5066666667,0,0,-0.01326235756,-0.01084228269,0.06262762027,0.9990418863,-0.0345397107,-0.0198134882,-0.01815884295,0,1
153,5100000000,0,0,-0.01068872263,-0.01599534008,0.05177871893,0.9992414871,-0.03001334529,-0.01688696992,-0.01817910216,0,1
154,5133333333,0,1,-0.007745722352,-0.02362217853,0.04086551216,0.9994006839,-0.02450023331,-0.01440307093,-0.01976266826,0,1
155,5166666667,0,0,-0.004313765693,-0.02760567156,0.03075752994,0.9996452761,-0.01378827078,-0.01128830943,-0.01979342544,0,1
156,5200000000,0,0,-0.001470878987,-0.02303665639,0.02019183289,0.999789232,-0.003256819147,-0.006732372663,-0.01911962035,0,1
157,5233333333,0,0,0.000897376894,-0.02395718022,0.01306818749,0.9997936293,0.003256891701,-0.002183030019,-0.01993303524,0,1
158,5266666667,0,0,0.003669967229,-0.02148702052,0.006664099247,0.9997706675,0.009287506926,0.002196715482,-0.01917104618,0,1
159,5300000000,0,0,0.006270631776,-0.022037108,0.003808078917,0.9997418808,0.0121667902,0.006499575264,-0.01805260621,0,1
160,5333333333,0,0,0.007799997448,-0.016202413,2.675280793e-05,0.9996836504,0.0151007411,0.01012668142,-0.01737863984,0,1
161,5366666667,0,0,0.01095355908,-0.01715743337,0.0005150419895,0.999733611,0.01215233616,0.01238349375,-0.01522093629,0,1
162,5400000000,0,0,0.01287263004,-0.02235504175,0.002307378415,0.9997606735,0.01062747648,0.0143214562,-0.01267077144,0,1
163,5433333333,0,0,0.01504422997,-0.01430114315,0.001133055204,0.9997346986,0.01307214365,0.01553735968,-0.01087390932,0,1
164,5466666667,0,0,0.01554810955,-0.01422321831,0.003851042299,0.9997618296,0.009441864392,0.01701909847,-0.00987347333,0,1
165,5500000000,0,0,0.01492104511,-0.0136949037,0.005760405925,0.999764503,0.008287108285,0.01770680866,-0.00941972852,0,1
166,5533333333,0,0,0.01355572035,-0.009823870107,0.007168299015,0.999774649,0.007668017214,0.01789716029,-0.00845839042,0,1
167,5566666667,0,0,0.01089323641,-0.005662326083,0.009171272523,0.999806075,0.005243632084,0.01717291989,-0.008087486869,0,1
168,5600000000,0,0,0.01020066088,-0.006706421778,0.01151052329,0.9998452309,0.002014564795,0.01457111901,-0.00965081665,0,1
169,5633333333,0,0,0.0123663102,-0.004448228752,0.01346690471,0.9998838113,0.000118614279,0.01206152011,-0.009320388036,0,1
170,5666666667,0,0,0.01420194921,-0.003889639163,0.01534386372,0.9998812157,-0.00247961872,0.01127964116,-0.0102066467,0,1
171,5700000000,0,0,0.01929617736,-0.007223420901,0.01814789675,0.9998349119,-0.004149889279,0.01134697719,-0.01357104914,0,1
172,5733333333,0,0,0.02227227707,-0.007014741118,0.02037499473,0.9997664893,-0.003164595736,0.01433891835,-0.01585394627,0,1
173,5766666667,0,0,0.0279127911,-0.008175062464,0.02278441379,0.9997214087,-0.001568204844,0.01722740039,-0.01605809363,0,1
174,5800000000,0,1,0.03460517462,-0.01173297223,0.02287442564,0.999637897,-0.0001258179269,0.02113842279,-0.01665010722,0,1
175,5833333333,0,0,0.04258596278,-0.0107214628,0.02457185721,0.9994881082,0.003988673229,0.02569739955,-0.01863479731,0,1
176,5866666667,0,0,0.05696038291,-0.007373804742,0.02709129554,0.9993810217,0.007084779079,0.03081224022,-0.01542676825,0,1
177,5900000000,0,0,0.06480767978,-0.009107682519,0.03173769138,0.9990987871,0.00779631774,0.0403515404,-0.01061056759,0,1
178,5933333333,0,0,0.07062397883,-0.01018777448,0.03508361945,0.9987782468,0.01029825907,0.04703859069,-0.0111054336,0,1
179,5966666667,0,0,0.08283956294,-0.006210158077,0.03789426677,0.9986207167,0.01321156224,0.04992616138,-0.009460295996,0,1
180,6000000000,0,1,0.09348144546,-0.001226286241,0.03512423098,0.9984763709,0.01274249937,0.05333382267,-0.006169994451,0,1
181,6033333333,0,0,0.1027152551,-0.003779248288,0.03961553053,0.9984230494,0.007019307912,0.05528195369,-0.006785965305,0,1
182,6066666667,0,0,0.1171435251,-0.01051410497,0.04370452983,0.998294001,0.004242379936,0.05757505375,-0.008729429949,0,1
183,6100000000,0,0,0.1256049345,-0.00220508089,0.04647317892,0.9979939394,0.006675676591,0.06243683545,-0.008073031162,0,1
184,6133333333,0,0,0.131162373,0.001635128251,0.04901262677,0.9978591295,0.003471372917,0.06495269166,-0.00680110577,0,1
185,6166666667,0,0,0.1390545587,0.003835681886,0.05294759134,0.9979332449,-0.001851591236,0.06404609349,-0.004889609043,0,1
186,6200000000,0,1,0.1511797163,0.004178935742,0.0534171152,0.9981761353,-0.007122273443,0.05994717988,0.0001080574379,0,1
187,6233333333,0,0,0.1631083615,0.003599191767,0.05615784942,0.9983498043,-0.01247125438,0.05568543304,0.006424063008,0,1
188,6266666667,0,0,0.175258231,0.005004061696,0.05830074352,0.9983113878,-0.01668240549,0.05405719752,0.01318672563,0,1
189,6300000000,0,0,0.1859790185,0.001155423617,0.06170282144,0.9981338236,-0.02090682603,0.05382742063,0.01985909192,0,1
190,6333333333,0,0,0.2035996011,-0.004514362713,0.06279950249,0.9979128361,-0.02224745044,0.05543611279,0.02453283155,0,1
191,6366666667,0,0,0.2140280995,-0.008571631843,0.0637307154,0.9975451002,-0.01939630844,0.06317617619,0.02315873534,0,1
192,6400000000,0,1,0.2295021478,0.001420171118,0.06312079557,0.9974741551,-0.01293186269,0.06629486233,0.02197880836,0,1
193,6433333333,0,0,0.2423488223,0.001644042987,0.06543726257,0.9970711573,-0.01338827835,0.07179029796,0.02271595139,0,1
194,6466666667,0,0,0.249395423,0.005586913147,0.0663736009,0.9965385595,-0.01241185197,0.07849815107,0.02439027874,0,1
195,6500000000,0,0,0.2648935988,0.01124925283,0.0680074122,0.9961175917,-0.01369597272,0.08216356186,0.02848355417,0,1
196,6533333333,0,0,0.2704843846,0.008695274397,0.07042483499,0.9951317923,-0.0188164916,0.09123235823,0.03217627165,0,1
197,6566666667,0,0,0.2756808679,0.007126810171,0.07225461471,0.9945003262,-0.02090145005,0.09718007963,0.03298882629,0,1
198,6600000000,0,1,0.2850783815,0.008643841057,0.07016907965,0.9940783576,-0.02172941709,0.1003213244,0.0356606668,0,1
199,6633333333,0,0,0.2866897722,0.006250202546,0.07111632629,0.9933950135,-0.02418091569,0.1046775343,0.04030191464,0,1
200,6666666667,0,0,0.2861552137,0.002963708391,0.07122045142,0.9930289065,-0.0241924504,0.1059663311,0.04560101809,0,1
201,6700000000,0,0,0.2862955098,0.003440786946,0.0693802842,0.9930545205,-0.02181396738,0.1035000879,0.0515228285,0,1
202,6733333333,0,0,0.287698998,-0.001654540296,0.06751548477,0.9931649522,-0.02020994844,0.09987077448,0.05692771031,0,1
203,6766666667,0,0,0.2835612027,-0.003614309747,0.06363992291,0.9934891643,-0.01540815987,0.09720364441,0.05738745917,0,1
204,6800000000,0,0,0.2798821504,0.003504226794,0.05949903094,0.9942160113,-0.009604259403,0.09127658156,0.0557751436,0,1
205,6833333333,0,0,0.2817428319,0.005036863422,0.05891852888,0.9947361322,-0.009468556388,0.08596611883,0.05495634833,0,1
206,6866666667,0,0,0.2749288077,0.003776460403,0.05628540444,0.9949126033,-0.008902383076,0.08546072541,0.05259395151,0,1
207,6900000000,0,0,0.2674735933,0.01058627286,0.05459483055,0.9954124679,-0.008549892709,0.08278020355,0.04720546648,0,1
208,6933333333,0,0,0.2622287979,0.008451770449,0.05395827765,0.9956640158,-0.01282531302,0.08043541063,0.0449313211,0,1
209,6966666667,0,0,0.2465531969,0.003646903507,0.05297065188,0.9958377235,-0.01492256175,0.07967311393,0.04167421905,0,1
210,7000000000,0,1,0.2351941473,0.008808756923,0.05289593745,0.9965149632,-0.01366541478,0.07309941506,0.0377843898,0,1
211,7033333333,0,0,0.2282204643,0.01841306936,0.0504550906,0.9968133255,-0.01585588237,0.06705585047,0.04019077143,0,1
212,7066666667,0,0,0.2169784916,0.01550073137,0.05123285587,0.9965698413,-0.02558924847,0.06431714919,0.04535467076,0,1
213,7100000000,0,0,0.2022601388,0.002746427002,0.05404632261,0.996413186,-0.03142376069,0.06169227918,0.04865565554,0,1
214,7133333333,0,0,0.1873135237,0.006517625149,0.05233053778,0.9969266088,-0.02771569389,0.05365914713,0.04989862563,0,1
215,7166666667,0,1,0.1773098854,0.01426865782,0.05190571739,0.9975045547,-0.02787088358,0.04248252653,0.04902154732,0,1
216,7200000000,0,0,0.1694633445,0.009944023754,0.05313402078,0.9977740053,-0.03180814744,0.03275883996,0.04860179606,0,1
217,7233333333,0,0,0.1588333836,0.01223750106,0.05120601767,0.9981741554,-0.03160779724,0.0249596059,0.04501467301,0,1
218,7266666667,0,0,0.1496758422,0.01628715754,0.04965130874,0.9984482114,-0.03388826641,0.01850570377,0.04012846324,0,1
219,7300000000,0,0,0.1379236831,0.01325630937,0.04964177528,0.9985002291,-0.03748535602,0.01592224836,0.03658719116,0,1
220,7333333333,0,0,0.1240960041,0.009647982922,0.0496209458,0.9986450461,-0.0382454272,0.01414634464,0.03233017287,0,1
221,7366666667,0,0,0.1132663731,0.01250550925,0.04783442163,0.9988887009,-0.034555117,0.01175551231,0.02981803234,0,1
222,7400000000,0,0,0.1006572739,0.01482654445,0.04639302958,0.9989373649,-0.03354180217,0.01139887203,0.02948142311,0,1
223,7433333333,0,0,0.08714940045,0.01593512749,0.04469127327,0.9990192095,-0.03339889786,0.01012755229,0.02725005391,0,1
224,7466666667,0,0,0.07794831463,0.01973269082,0.043655671,0.9990803104,-0.03273478339,0.00795491525,0.02652709274,0,1
225,7500000000,0,0,0.06313226473,0.02163311562,0.0428108783,0.9989597059,-0.03455414884,0.008336859851,0.02856595124,0,1
226,7533333333,0,0,0.05068965339,0.02330535056,0.04238490305,0.9989068733,-0.03719491089,0.004997914203,0.02786786434,0,1
227,7566666667,0,1,0.04119713281,0.02086811341,0.04138178302,0.9987331791,-0.04222636823,0.00143685766,0.02732958534,0,1
228,7600000000,0,0,0.03344550069,0.02037255941,0.04348507569,0.9985677975,-0.04543718582,-0.001656744726,0.0281970058,0,1
229,7633333333,0,0,0.01917384222,0.02281418818,0.04455278073,0.998529324,-0.04696055226,-0.002131211376,0.02700654558,0,1
230,7666666667,0,0,0.005388175817,0.02568734585,0.04692568355,0.9984340121,-0.04915314905,-0.00413620374,0.02638907339,0,1
231,7700000000,0,0,-0.009604590011,0.0266053868,0.05100600493,0.9982934687,-0.05257268226,-0.00697824639,0.02444519286,0,1
232,7733333333,0,0,-0.01940126295,0.02333318734,0.05549141431,0.9982078984,-0.05482204313,-0.01383862741,0.01959662135,0,1
233,7766666667,0,1,-0.03234732051,0.02439086656,0.05049770926,0.9981502289,-0.0566627379,-0.01665193167,0.01442802219,0,1
234,7800000000,0,0,-0.04626335257,0.02353998165,0.05522085452,0.9979151463,-0.06123010647,-0.01835958156,0.008897224815,0,1
235,7833333333,0,0,-0.05628799485,0.02362105006,0.05788119163,0.997726501,-0.06377749499,-0.02166611732,0.002199913794,0,1
236,7866666667,0,0,-0.06623234917,0.02325335776,0.06068436645,0.9974885565,-0.06666918557,-0.0234813231,-0.004519596437,0,1
237,7900000000,0,0,-0.07852141754,0.02507901121,0.06273267495,0.9973173479,-0.06857063078,-0.02383149651,-0.009393395683,0,1
238,7933333333,0,0,-0.09128090746,0.02513614044,0.06655443651,0.9968814052,-0.07329561152,-0.02547839756,-0.01435509105,0,1
239,7966666667,0,1,-0.1080382391,0.01794343796,0.06599513152,0.9965274373,-0.0767732943,-0.02684063803,-0.01784679775,0,1
240,8000000000,0,0,-0.1171956076,0.02417079794,0.06543207565,0.9964033522,-0.07660229218,-0.03087543317,-0.01895141634,0,1
241,8033333333,0,0,-0.127447187,0.02039209676,0.06836629372,0.9958484531,-0.08173389175,-0.03434362153,-0.02063843682,0,1
242,8066666667,0,0,-0.1375266294,0.01823316225,0.07004045748,0.9956296136,-0.08263547966,-0.03861593134,-0.02004644304,0,1
243,8100000000,0,0,-0.1446733542,0.01680604361,0.07039599217,0.9955315287,-0.08134125199,-0.04319680273,-0.02084735703,0,1
244,8133333333,0,0,-0.1556151146,0.01884726251,0.07037784193,0.9956199875,-0.0779103422,-0.04648015305,-0.02259235439,0,1
245,8166666667,0,1,-0.1680347616,0.01805817268,0.06787812096,0.9954570386,-0.07738790913,-0.05022169302,-0.02354097255,0,1
246,8200000000,0,0,-0.1788145063,0.01799135986,0.06796147581,0.9951349126,-0.07649162732,-0.05589688785,-0.02703839068,0,1
247,8233333333,0,0,-0.1889416861,0.02271205147,0.06526371277,0.9947539183,-0.07525260577,-0.06270679597,-0.02948804943,0,1
248,8266666667,0,0,-0.1990906743,0.02525419835,0.06651966344,0.9939377524,-0.07912599261,-0.0687576052,-0.03315438764,0,1
249,8300000000,0,0,-0.2102739232,0.02299096602,0.06861670501,0.992954909,-0.08235346176,-0.07580276473,-0.03888954804,0,1
250,8333333333,0,0,-0.2194517943,0.0230818378,0.06821694444,0.9921224391,-0.08291600408,-0.08392504201,-0.0421258764,0,1
251,8366666667,0,1,-0.2351102555,0.023915395,0.06078809875,0.9914474215,-0.08495061532,-0.08771076457,-0.04606761405,0,1
252,8400000000,0,0,-0.2435077492,0.02686483786,0.06019519941,0.9902664725,-0.08907682137,-0.0940320606,-0.05094707974,0,1
253,8433333333,0,0,-0.249655425,0.02354826352,0.06463576305,0.9891633267,-0.09396117569,-0.09874143065,-0.05456501139,0,1
254,8466666667,0,0,-0.2577485838,0.02235304121,0.06479586987,0.9888973959,-0.09254222748,-0.1011478728,-0.05733222822,0,1
255,8500000000,0,0,-0.2650752411,0.02825660819,0.06140514117,0.9886336312,-0.09116720283,-0.1033369155,-0.06011294552,0,1
256,8533333333,0,0,-0.269686982,0.02614431526,0.06411670284,0.9879196768,-0.09530782178,-0.1058450469,-0.06105700153,0,1
257,8566666667,0,1,-0.2802699009,0.02745625501,0.06831447771,0.9879152648,-0.09530694206,-0.1053302402,-0.06201255479,0,1
258,8600000000,0,0,-0.2829939151,0.02975593034,0.06812414705,0.9877102472,-0.09462210619,-0.1072305026,-0.06306142945,0,1
259,8633333333,0,0,-0.2858657159,0.03007084052,0.06730007449,0.9874920147,-0.09528998556,-0.1075319986,-0.0649323405,0,1
260,8666666667,0,0,-0.2880230145,0.02886686083,0.06775233232,0.9869345535,-0.0972883061,-0.109825769,-0.06658433031,0,1
261,8700000000,0,0,-0.2868412882,0.02979023821,0.06845416179,0.9867046812,-0.09688309656,-0.1122552754,-0.06653037494,0,1
262,8733333333,0,0,-0.2861829213,0.03047564839,0.06855243591,0.9864582514,-0.09748070658,-0.1135200371,-0.06716272241,0,1
263,8766666667,0,0,-0.282972621,0.03173461469,0.07009362976,0.986169844,-0.09695712917,-0.1158632896,-0.06814728239,0,1
264,8800000000,0,0,-0.2770226782,0.03656591211,0.07185592848,0.9863173558,-0.09553482238,-0.1150194376,-0.06943846396,0,1
265,8833333333,0,1,-0.2694641844,0.03802088661,0.07792569514,0.9868415202,-0.09656144157,-0.1108082131,-0.06738873726,0,1
266,8866666667,0,0,-0.2649714316,0.03717544114,0.0763208579,0.9877275454,-0.09599250411,-0.1046142088,-0.06508150664,0,1
267,8900000000,0,0,-0.2599409461,0.03781896591,0.07422746363,0.9880119371,-0.09805330632,-0.1012994816,-0.06289973212,0,1
268,8933333333,0,0,-0.251310965,0.03615152535,0.07867260079,0.9882552336,-0.09971488879,-0.09933922141,-0.05950002764,0,1
269,8966666667,0,0,-0.2430924652,0.03472611197,0.07939024323,0.9887342826,-0.09807987063,-0.09657453632,-0.0588066005,0,1
270,9000000000,0,0,-0.2328878304,0.0372687086,0.08148742698,0.9894121659,-0.09456024893,-0.09243382233,-0.05981566547,0,1
271,9033333333,0,1,-0.2194981645,0.03430373301,0.07700814752,0.9903719784,-0.09396784648,-0.08546001283,-0.05504520316,0,1
272,9066666667,0,0,-0.2128853167,0.0285451384,0.0772840593,0.9905572804,-0.09522099688,-0.08250530038,-0.05405655807,0,1
273,9100000000,0,0,-0.1996046685,0.02925235316,0.08166527926,0.9911909051,-0.09017215378,-0.08148824089,-0.05262355814,0,1
274,9133333333,0,0,-0.1936122711,0.03054303113,0.07198759832,0.9922207923,-0.0865826286,-0.07465332648,-0.04927706051,0,1
275,9166666667,0,0,-0.1842062619,0.02908599379,0.07295002132,0.9915758779,-0.09102780621,-0.07821024014,-0.04872756077,0,1
276,9200000000,0,0,-0.1701232528,0.02630528337,0.08171008091,0.991581623,-0.09041169297,-0.08116573206,-0.04476309405,0,1
277,9233333333,0,1,-0.159518767,0.02679114081,0.0734460015,0.9918752721,-0.08535881965,-0.08261155657,-0.04552633524,0,1
278,9266666667,0,0,-0.1461437207,0.02994121084,0.07787458307,0.9912423929,-0.08416613464,-0.08810003899,-0.05092114938,0,1
279,9300000000,0,1,-0.1223821505,0.02348481068,0.08313220452,0.9917548143,-0.08305986097,-0.08505594598,-0.04784280384,0,1
280,9333333333,0,0,-0.1149326162,0.02240778405,0.0780278798,0.9930551993,-0.0789015216,-0.07241115507,-0.04870878451,0,1
281,9366666667,0,0,-0.1062763581,0.02221163075,0.0797719477,0.9939172594,-0.07446446105,-0.06455163138,-0.04915905245,0,1
282,9400000000,0,0,-0.09681575303,0.02532613781,0.07504666661,0.9952180916,-0.06982584393,-0.05315449038,-0.04289407592,0,1
283,9433333333,0,0,-0.08864637604,0.02238856665,0.0728761248,0.9955783193,-0.07153320298,-0.04840977438,-0.0369229561,0,1
284,9466666667,0,1,-0.07088084836,0.01493069722,0.08147399333,0.9958672491,-0.07078210915,-0.05032433307,-0.02656645666,0,1
285,9500000000,0,0,-0.05871428693,0.02194968862,0.0770666114,0.9969373863,-0.06316126396,-0.04154585911,-0.02001110208,0,1
286,9533333333,0,0,-0.04853444225,0.0226596847,0.08020633813,0.9973416779,-0.06232647312,-0.03246964701,-0.01925383791,0,1
287,9566666667,0,0,-0.03216871372,0.02201363847,0.08445860871,0.9979711756,-0.05776428089,-0.02185375608,-0.01546718511,0,1
288,9600000000,0,0,-0.02139032022,0.02383190533,0.08143790635,0.9984618424,-0.05415113996,-0.002623088014,-0.01160701339,0,1
289,9633333333,0,0,-0.01577708507,0.02251210769,0.08329115345,0.9985156746,-0.05156992695,0.01286285247,-0.01189693877,0,1
290,9666666667,0,1,0.008928770321,0.02161624286,0.07936618743,0.9985998411,-0.04918794199,0.01788208357,-0.007689915941,0,1
291,9700000000,0,0,0.01226717009,0.02359826145,0.07906782907,0.9984159573,-0.04891528106,0.02757998673,-0.003495109528,0,1
292,9733333333,0,0,0.01580188175,0.0184238192,0.07899770595,0.9983269485,-0.04947038216,0.02988611529,0.001674932835,0,1
293,9766666667,0,0,0.02860989517,0.02065960864,0.0784755261,0.9985172137,-0.04655474345,0.02618386365,0.01050880765,0,1
294,9800000000,0,0,0.04962213532,0.0221231437,0.07941866474,0.9984946146,-0.04515217951,0.02509227872,0.01844350554,0,1
295,9833333333,0,0,0.06108057641,0.02053503716,0.08146372869,0.9983753954,-0.04321469857,0.03313515288,0.01676667126,0,1
296,9866666667,0,1,0.09020865333,0.01565535121,0.07955824796,0.9983853857,-0.04215489253,0.03475349937,0.0155493047,0,1
297,9900000000,0,0,0.1009850653,0.01471055149,0.07932350043,0.9979567223,-0.04041848355,0.04724301584,0.01472494628,0,1
298,9933333333,0,0,0.1012166824,0.01680098632,0.07917450781,0.9975091909,-0.03683227061,0.05938219199,0.009620457013,0,1
299,9966666667,0,0,0.1228968666,0.01560179247,0.07618730644,0.9974388128,-0.03752471999,0.06077399027,0.00377255375,0,1
300,10000000000,0,1,0.1456225161,0.01496984183,0.07376837032,0.9968092033,-0.03984041574,0.06916680456,0.0003264961926,0,1
301,10033333333,0,0,0.1497162425,0.005291226248,0.07757499041,0.995701102,-0.04280130948,0.08189039471,-0.006428574241,0,1
302,10066666667,0,0,0.1615234593,0.002712798635,0.07850896746,0.9950847264,-0.03726862739,0.09114240509,-0.01051183843,0,1
303,10100000000,0,0,0.1658585055,0.003709508055,0.08101185762,0.9944594626,-0.03174246415,0.09925775672,-0.01380909157,0,1
304,10133333333,0,1,0.1793940648,-0.001368207582,0.08037135292,0.9945094148,-0.02678199734,0.09999730829,-0.01530643245,0,1
305,10166666667,0,0,0.1883246033,-0.0009896762052,0.07927418378,0.9946061082,-0.01990763293,0.1008216042,-0.01404919547,0,1
306,10200000000,0,0,0.1971176688,0.0009878951741,0.07895386628,0.99485858,-0.01486472844,0.0996647454,-0.01011850569,0,1
307,10233333333,0,0,0.2079907379,0.001785508756,0.07883734596,0.9951704551,-0.01203209143,0.09723328267,-0.006056626706,0,1
308,10266666667,0,0,0.2195509378,-0.001204027387,0.07927101776,0.9953380725,-0.01047289332,0.09587674776,0.000298722427,0,1
309,10300000000,0,0,0.2247800097,-0.0004976224933,0.0782157499,0.9953236481,-0.006848949383,0.09591247594,0.009204585915,0,1
310,10333333333,0,1,0.2384074128,-0.001974924912,0.07273770333,0.9957623079,-0.004774646307,0.09019744516,0.01729305766,0,1
311,10366666667,0,0,0.2465238725,-0.003373682686,0.07216700595,0.9959630809,-0.002645803991,0.08723710047,0.02098164752,0,1
312,10400000000,0,0,0.2544640394,-0.001922148536,0.07143962044,0.996084369,9.406267368e-06,0.08430428697,0.02662173865,0,1
313,10433333333,0,0,0.2702582216,0.002036250939,0.06958328751,0.9960746718,0.001341689859,0.08192028213,0.03350396261,0,1
314,10466666667,0,0,0.2782670953,0.00154763375,0.06904609258,0.9952922971,-0.001734795675,0.08806397895,0.04043475551,0,1
315,10500000000,0,0,0.2795145978,7.318732051e-05,0.07068209939,0.9945242525,-0.004485185577,0.09516623229,0.0429509326,0,1
316,10533333333,0,1,0.2886126676,0.006782381119,0.06836397934,0.9941986434,-0.003806496662,0.09663033278,0.04708658792,0,1
317,10566666667,0,0,0.2905928498,0.01618938657,0.06762973655,0.9936764941,-0.005831678786,0.1000170624,0.05069125914,0,1
318,10600000000,0,0,0.2886834504,0.01144481048,0.07093868023,0.9929358465,-0.01507120862,0.1048129571,0.0535304337,0,1
319,10633333333,0,0,0.2770867183,0.006399915164,0.07305771639,0.9926619281,-0.01863636658,0.1077349654,0.05165423136,0,1
320,10666666667,0,0,0.2742262832,0.0130198543,0.07488266385,0.9933511153,-0.01913040026,0.1022453473,0.04933029988,0,1
321,10700000000,0,0,0.2736163616,0.01255522917,0.07649138597,0.9935197753,-0.02308835833,0.09867060185,0.05147325732,0,1
322,10733333333,0,1,0.2646828866,0.008947221461,0.07586174114,0.9935153432,-0.0271619533,0.09690676557,0.05290151087,0,1
323,10766666667,0,0,0.2582683972,0.008481005256,0.0768633759,0.9940053815,-0.02891128223,0.09158222023,0.05225070597,0,1
324,10800000000,0,0,0.2544513594,0.009215978803,0.07675817133,0.9946829896,-0.02926052573,0.08513916481,0.05000894456,0,1
325,10833333333,0,0,0.2500575423,0.01415299142,0.07429363796,0.9950238307,-0.02922791614,0.08103821936,0.05006108586,0,1
326,10866666667,0,0,0.2414286961,0.01329484149,0.07429575406,0.9950849649,-0.03373231861,0.0797639056,0.04801835747,0,1
327,10900000000,0,0,0.2271158101,0.003582611431,0.07635102266,0.9952230094,-0.03711748009,0.07927080917,0.04323879038,0,1
328,10933333333,0,1,0.2186215076,0.005546052103,0.07202413696,0.9960078365,-0.03448209474,0.07344952257,0.03720944031,0,1
329,10966666667,0,0,0.2129598659,0.01114216395,0.06819140337,0.9963345738,-0.03517945668,0.06902529266,0.03626750335,0,1
330,11000000000,0,0,0.2002165151,0.004994796505,0.07001134179,0.9961679792,-0.03928430972,0.06815671853,0.03821991686,0,1
331,11033333333,0,0,0.1839769285,0.005535011885,0.0687823264,0.9964676082,-0.03683290715,0.06417105695,0.03972050095,0,1
332,11066666667,0,0,0.1708977692,0.01210469155,0.06675136526,0.996869188,-0.03656029776,0.05724731962,0.0404711133,0,1
333,11100000000,0,0,0.1627598258,0.003039034838,0.06721314054,0.9969621323,-0.0411592501,0.05065705854,0.04250041508,0,1
334,11133333333,0,1,0.1392147724,-0.006941852621,0.07156842033,0.9970573155,-0.0395918322,0.0480157239,0.04476255951,0,1
335,11166666667,0,0,0.1197987807,-0.0008009513829,0.06916197803,0.9977311876,-0.03275235248,0.03968476174,0.04341520817,0,1
336,11200000000,0,0,0.111162325,0.005638443859,0.06981082912,0.9981882658,-0.0331419185,0.02812127963,0.04160520219,0,1
337,11233333333,0,0,0.09809057079,-0.003708590012,0.0707732962,0.9982757524,-0.0353620429,0.02061771804,0.04207086746,0,1
338,11266666667,0,0,0.07886289799,0.002130026874,0.07354167481,0.9986978651,-0.03171560401,0.0152047383,0.03695281682,0,1
339,11300000000,0,0,0.06425405886,0.005138035493,0.07480224214,0.9989047249,-0.03404950256,0.00763047242,0.03117302971,0,1
340,11333333333,0,1,0.05204056485,0.001092011366,0.071906565,0.9988084318,-0.03901644727,0.001376323139,0.02928376973,0,1
341,11366666667,0,0,0.0366543623,-0.003533858246,0.07371287969,0.9987633692,-0.04212855133,-0.004309379838,0.02604509083,0,1
342,11400000000,0,0,0.02618043118,-0.0004631426267,0.07259426468,0.9988620837,-0.04105647661,-0.01085993401,0.02170173449,0,1
343,11433333333,0,0,0.01432135575,-4.187132203e-05,0.07236109384,0.9988094592,-0.04347392147,-0.01418591672,0.01698358516,0,1
344,11466666667,0,0,0.005618225369,-0.000253308597,0.07220850574,0.9987148836,-0.0461712362,-0.01625162384,0.01314088897,0,1
345,11500000000,0,0,-0.00756653704,-0.001604285207,0.07239845889,0.9987018544,-0.04756493906,-0.01565900981,0.009326202786,0,1
346,11533333333,0,1,-0.02641517737,-0.002583635124,0.07579952771,0.9987808942,-0.0476698917,-0.01225579529,0.003755290882,0,1
347,11566666667,0,0,-0.03646225485,-0.002205719613,0.07511297515,0.9988401619,-0.04694172767,-0.01060145423,-0.001553785598,0,1
348,11600000000,0,0,-0.05030625307,-0.003286484315,0.07634901928,0.9988922107,-0.04602942409,-0.007766354428,-0.005943676842,0,1
349,11633333333,0,0,-0.06197883403,-0.0009105574308,0.0761461382,0.9989695965,-0.0441934894,-0.00699204717,-0.007602104386,0,1
350,11666666667,0,0,-0.07298496294,0.0004257056708,0.07736037667,0.9989243644,-0.04474044112,-0.005330466738,-0.01095414529,0,1
351,11700000000,0,0,-0.08823632063,-0.004783932841,0.08139998807,0.9988643013,-0.04472680765,-0.004231590387,-0.01586549212,0,1
352,11733333333,0,0,-0.0965832379,-0.0007114074837,0.07923967256,0.9990346306,-0.04039561936,-0.006915406056,-0.01581701719,0,1
353,11766666667,0,1,-0.1121356285,-0.001638690567,0.08172514098,0.9990935148,-0.03829097334,-0.002864364338,-0.01837785229,0,1
354,11800000000,0,0,-0.1259706241,-0.001031885462,0.08252663229,0.9991162791,-0.03470712683,-0.0006450099424,-0.02369937227,0,1
355,11833333333,0,0,-0.1411193198,0.001744576444,0.08324710231,0.999115162,-0.03055163284,0.0007629382147,-0.02889478686,0,1
356,11866666667,0,0,-0.1576005201,0.001194628031,0.0844738377,0.9990945243,-0.02953798934,-0.001074704488,-0.03060202239,0,1
357,11900000000,0,0,-0.1703221144,0.0008990340155,0.08467212764,0.9991123072,-0.02702809765,-0.006773767038,-0.03159423243,0,1
358,11933333333,0,0,-0.1825939023,0.004979793515,0.08539965452,0.9990358805,-0.0235773689,-0.01237210562,-0.034904845,0,1
359,11966666667,0,1,-0.1969268658,0.003841483286,0.08416711979,0.9988019381,-0.02396766734,-0.01678575715,-0.03922343466,0,1
360,12000000000,0,0,-0.2047684321,-0.0003948065898,0.0857572,0.9986961119,-0.0227351615,-0.0203095292,-0.04094766698,0,1
361,12033333333,0,0,-0.2179518511,0.009295291434,0.08488523296,0.998671212,-0.01809263415,-0.02011454157,-0.04386196608,0,1
362,12066666667,0,0,-0.2338278437,0.008690823946,0.08807871527,0.9983933108,-0.02054552981,-0.02158009523,-0.04819727757,0,1
363,12100000000,0,0,-0.2484866837,0.008389025646,0.0887171177,0.9981689574,-0.02058195767,-0.02705550979,-0.05003113842,0,1
364,12133333333,0,0,-0.2576175399,0.01167720056,0.09137690454,0.9978763198,-0.02084671769,-0.03595377741,-0.05015566398,0,1
365,12166666667,0,1,-0.2622406213,0.008330245253,0.09165288503,0.9974024431,-0.0234568855,-0.04428025065,-0.05174360248,0,1
366,12200000000,0,0,-0.2703159834,0.007691385459,0.09365574181,0.9970513176,-0.02340957443,-0.04683949887,-0.05609566149,0,1
367,12233333333,0,0,-0.2821414496,0.007528906788,0.09393372814,0.9967700496,-0.02256195894,-0.04817024837,-0.06016687919,0,1
368,12266666667,0,0,-0.2938197388,0.008695521933,0.09422784146,0.9964808192,-0.02248898605,-0.0520461153,-0.06173673474,0,1
369,12300000000,0,0,-0.3054914118,0.007343063478,0.09606419742,0.9960336872,-0.02326640426,-0.05873285315,-0.0626579636,0,1
370,12333333333,0,0,-0.3097772795,0.009577852842,0.09574551941,0.9953277021,-0.02332581961,-0.06801380675,-0.06444217257,0,1
371,12366666667,0,1,-0.3109158945,0.008500867437,0.09909368473,0.9947897731,-0.02651660046,-0.07422013024,-0.06466490126,0,1
372,12400000000,0,0,-0.31577412,0.007297729956,0.100707616,0.9948977738,-0.0280402126,-0.07504537932,-0.06132175154,0,1
373,12433333333,0,0,-0.3218982536,0.00916186832,0.1000038706,0.9949461582,-0.03004022413,-0.07536881953,-0.05915461277,0,1
374,12466666667,0,0,-0.3287956325,0.007327202185,0.1017341752,0.9946947135,-0.03541660185,-0.07731561147,-0.05788253236,0,1
375,12500000000,0,0,-0.3331205321,0.004217684676,0.1031027251,0.9940176085,-0.03901091123,-0.08376914275,-0.05822262078,0,1
376,12533333333,0,0,-0.3328122883,0.002764989267,0.1051181569,0.9935509375,-0.0398441825,-0.08926467302,-0.05745253538,0,1
377,12566666667,0,0,-0.3336176889,0.001856465276,0.1057632464,0.9930770784,-0.0389906555,-0.09262601075,-0.06081173552,0,1
378,12600000000,0,0,-0.3324796708,0.003137191369,0.1049370446,0.9927624462,-0.03636941363,-0.09465703531,-0.06434311767,0,1
379,12633333333,0,0,-0.3320470676,0.006296712344,0.1034128467,0.9927446139,-0.03553849488,-0.09433794089,-0.06554006232,0,1
380,12666666667,0,0,-0.3304842888,0.005514565466,0.1031370513,0.9925014462,-0.03580751062,-0.09528847104,-0.06766689594,0,1
381,12700000000,0,0,-0.3264228912,0.009224281161,0.1025359562,0.9924625706,-0.03524912333,-0.09593797825,-0.06761249593,0,1
382,12733333333,0,0,-0.3231720239,0.01041282899,0.1018760008,0.9923868633,-0.03627339019,-0.09627929954,-0.06769675837,0,1
383,12766666667,0,0,-0.3158092948,0.01491177623,0.1036529121,0.9921274557,-0.03749505065,-0.0967745774,-0.0700850479,0,1
384,12800000000,0,0,-0.3099818175,0.01726873319,0.1047552337,0.9922358583,-0.03923941591,-0.09451487224,-0.07067679045,0,1
385,12833333333,0,1,-0.3027462898,0.02107199276,0.1058086305,0.992138216,-0.04276372175,-0.0936838973,-0.0711080291,0,1
386,12866666667,0,0,-0.2923325734,0.01937135269,0.1112252734,0.9920813934,-0.04688382523,-0.09224824807,-0.07118059056,0,1
387,12900000000,0,0,-0.2842269723,0.02267426554,0.1110997819,0.9922916558,-0.0475365483,-0.08877297995,-0.07222814197,0,1
388,12933333333,0,0,-0.2689171285,0.02414700341,0.1185649665,0.9924670915,-0.05032103539,-0.08638960109,-0.07080750363,0,1
389,12966666667,0,0,-0.2561004021,0.01995435062,0.1186018879,0.9931697339,-0.05309458003,-0.07859257923,-0.06795624835,0,1
390,13000000000,0,0,-0.2523531903,0.02207851385,0.1180190695,0.9935867437,-0.05392875877,-0.07260087254,-0.06786888141,0,1
391,13033333333,0,1,-0.2361305881,0.01360420309,0.1236534356,0.993836229,-0.05736405688,-0.07196591846,-0.06180470424,0,1
392,13066666667,0,0,-0.2222649154,0.0102100427,0.1252437135,0.9945796384,-0.05373213414,-0.067359392,-0.05819718965,0,1
393,13100000000,0,0,-0.2099019902,0.01636990555,0.1243808464,0.9951282135,-0.05071257007,-0.06450365155,-0.05465668139,0,1
394,13133333333,0,0,-0.1870709039,0.01011243181,0.1341176251,0.9954695336,-0.05251861012,-0.06304922949,-0.04803121817,0,1
395,13166666667,0,0,-0.1749287048,0.01489205278,0.1332900829,0.996444059,-0.04675763682,-0.05293812179,-0.04594035108,0,1
396,13200000000,0,0,-0.1764875337,0.0227688825,0.1293684436,0.9969003923,-0.04890325436,-0.04427630938,-0.04286826284,0,1
397,13233333333,0,1,-0.1648249117,0.01378502513,0.1350443704,0.9961897082,-0.05808596925,-0.05051628219,-0.04099012853,0,1
398,13266666667,0,0,-0.1460854191,0.01625459342,0.1399600371,0.9961127497,-0.06006983247,-0.05322717778,-0.03630251495,0,1
399,13300000000,0,0,-0.1303543389,0.01692993594,0.1418841373,0.9960448425,-0.06426145439,-0.05335981498,-0.03029632676,0,1
400,13333333333,0,0,-0.1036253232,0.01527382388,0.1541211005,0.995808107,-0.06737677433,-0.05642574186,-0.02535192328,0,1
401,13366666667,0,1,-0.07771472201,0.01444868642,0.1497375398,0.9965410548,-0.06825651694,-0.04537271202,-0.01372191345,0,1
402,13400000000,0,0,-0.07214656732,0.01455768609,0.1450719249,0.9972938069,-0.06676317959,-0.02914309809,-0.009920706657,0,1
403,13433333333,0,0,-0.06162253834,0.01441794678,0.1450995774,0.9976156391,-0.06553485117,-0.0209690747,-0.005340201457,0,1
404,13466666667,0,0,-0.04465806036,0.01236705843,0.1445335926,0.9978064004,-0.06445109126,-0.01486244998,0.002748025062,0,1
405,13500000000,0,0,-0.03792737453,0.0117315973,0.1400702068,0.9979431539,-0.06237383522,-0.008592677311,0.01204708441,0,1
406,13533333333,0,0,-0.01858645351,0.01582712411,0.1405941307,0.9978836859,-0.06042333138,-0.01025354996,0.02172637042,0,1
407,13566666667,0,1,0.007400019037,0.01358596505,0.1444494051,0.9976218839,-0.06157953779,-0.007299639205,0.03008741477,0,1
408,13600000000,0,0,0.02024822953,0.01309819683,0.14138121,0.9975363128,-0.0594988193,0.003573001675,0.0369922794,0,1
409,13633333333,0,0,0.03471279381,0.01737800898,0.1406494549,0.997228297,-0.0578367796,0.01288316671,0.04499616308,0,1
410,13666666667,0,0,0.04874971268,0.01613161941,0.1414222286,0.9965255243,-0.06067777127,0.02280816782,0.05229603127,0,1
411,13700000000,0,0,0.05581194424,0.01041650804,0.1409911785,0.9958372953,-0.0615287422,0.0313377676,0.05949991178,0,1
412,13733333333,0,0,0.07123996814,0.01638299839,0.1408382498,0.9956435357,-0.05724411837,0.03402589749,0.06526330502,0,1
413,13766666667,0,1,0.08630285371,0.01781829002,0.1395022266,0.9950111022,-0.05780332144,0.04040200106,0.0705645867,0,1
414,13800000000,0,0,0.09744171418,0.0208577436,0.1412257375,0.9942849112,-0.05850326957,0.04672238918,0.07610454049,0,1
415,13833333333,0,0,0.1135365925,0.02421246726,0.141629993,0.9935713549,-0.05978134532,0.05461084611,0.07911895451,0,1
416,13866666667,0,0,0.1248362691,0.02302622965,0.1425790429,0.9923862726,-0.06392577019,0.06754738642,0.08074857524,0,1
417,13900000000,0,1,0.1357072567,0.02971926982,0.1400673462,0.9909667904,-0.06681187926,0.07845971242,0.08581996605,0,1
418,13933333333,0,0,0.1470170731,0.02811686909,0.1428326223,0.989300176,-0.07465657505,0.08826208572,0.08900203279,0,1
419,13966666667,0,0,0.1523848267,0.02646235051,0.1461068328,0.9876656338,-0.07931037885,0.09902041324,0.09176828117,0,1
420,14000000000,0,0,0.1599344231,0.02871169005,0.1480690156,0.9866521616,-0.08086639175,0.1054220578,0.09415056232,0,1
421,14033333333,0,0,0.1699735036,0.02974023925,0.1500586714,0.9853715305,-0.08485186513,0.1111012203,0.09746602829,0,1
422,14066666667,0,0,0.1818436077,0.02467608315,0.1534434361,0.9839245913,-0.08972615442,0.1169678586,0.1007974992,0,1
423,14100000000,0,1,0.1995233299,0.02780850071,0.1519916037,0.9829030076,-0.08918767375,0.122460639,0.1046452506,0,1
424,14133333333,0,0,0.2027993573,0.02690494645,0.151893414,0.9808167438,-0.092738316,0.1334411134,0.1076642427,0,1
425,14166666667,0,0,0.2089712216,0.02096774556,0.1509848547,0.9793392354,-0.09543716625,0.1395577214,0.1109506725,0,1
426,14200000000,0,0,0.2113518176,0.01916967737,0.1486345371,0.9792759703,-0.09040184129,0.1435354811,0.110651013,0,1
427,14233333333,0,0,0.2101119229,0.02407140253,0.1451889221,0.978869991,-0.08456739354,0.1470644022,0.1141663624,0,1
428,14266666667,0,0,0.2111988263,0.02377268596,0.1423737961,0.9772141251,-0.08722971535,0.149138847,0.1232928818,0,1
429,14300000000,0,1,0.2172355543,0.02241004284,0.1447754201,0.9771246258,-0.08741476427,0.1469337874,0.1264776134,0,1
430,14333333333,0,0,0.2147929179,0.02205665253,0.142100526,0.9779427082,-0.0855080668,0.1458220574,0.1226880497,0,1
431,14366666667,0,0,0.2109620875,0.02151128243,0.1391074839,0.9786712864,-0.0835855794,0.1451492806,0.1189438961,0,1
432,14400000000,0,0,0.2036951922,0.0225217001,0.1357662548,0.9794084209,-0.08340028584,0.1422326785,0.1165049465,0,1
433,14433333333,0,0,0.1897504728,0.019511032,0.135520123,0.98067506,-0.08365784146,0.1385863589,0.1098708942,0,1
434,14466666667,0,0,0.1779636143,0.02179008855,0.1355699927,0.9829576273,-0.08103736478,0.1306794023,0.1007479143,0,1
435,14500000000,0,1,0.1655325914,0.02079985913,0.1365907637,0.984846969,-0.08170386346,0.1233070802,0.09053336545,0,1
436,14533333333,0,0,0.1572917236,0.02044644778,0.1326545231,0.9864716597,-0.08159964368,0.1162731208,0.08182740471,0,1
437,14566666667,0,0,0.145504242,0.02168872707,0.1295454169,0.9879582798,-0.08262788535,0.10983542,0.07104400416,0,1
438,14600000000,0,0,0.1350549702,0.01916771131,0.1281669575,0.9889601854,-0.08649906232,0.1035737139,0.06122213355,0,1
439,14633333333,0,0,0.1175539934,0.01864705125,0.130005376,0.9897526148,-0.08611984298,0.1010295577,0.05259432043,0,1
440,14666666667,0,1,0.08725801052,0.02330267604,0.1312750167,0.9908343971,-0.08205421519,0.09802579011,0.0436491438,0,1
441,14700000000,0,0,0.08411591721,0.02175666193,0.1278949833,0.9923556163,-0.08452227528,0.08097800761,0.03910086912,0,1
442,14733333333,0,0,0.08063472141,0.02039122528,0.1211338229,0.9937814934,-0.08411901025,0.06347004671,0.03597066382,0,1
443,14766666667,0,0,0.07663662142,0.02025416127,0.1157072453,0.994981081,-0.08527322583,0.04298730137,0.02988674269,0,1
444,14800000000,0,0,0.06618706358,0.01904063434,0.1171660882,0.9957765257,-0.08531584519,0.02757125045,0.01975205045,0,1
445,14833333333,0,1,0.02294796453,0.02988584728,0.1269694127,0.9961644574,-0.08117620956,0.03049149089,0.01170751039,0,1
446,14866666667,0,0,0.01508784448,0.03224115548,0.1246119971,0.9965230926,-0.08141321058,0.01637022581,0.006755056979,0,1
447,14900000000,0,0,0.005712659739,0.0343530315,0.1247896271,0.9965278855,-0.08315624155,0.004062993192,0.0008396546999,0,1
448,14933333333,0,0,-0.001032134491,0.03453577468,0.1234202624,0.9962906559,-0.08544850208,-0.01017098453,0.0001831455697,0,1
449,14966666667,0,0,-0.01032746894,0.04053028667,0.1250035723,0.9960400074,-0.08627945268,-0.02145092646,-0.0001321437621,0,1
450,15000000000,0,0,-0.01417674776,0.04028739141,0.1266469568,0.9953823919,-0.0899035968,-0.03315058455,-0.005681181758,0,1
451,15033333333,0,1,-0.03619054189,0.05399082987,0.1314013354,0.995760938,-0.08686830644,-0.02984601685,-0.004823580518,0,1
452,15066666667,0,0,-0.03663315006,0.056831861,0.1305976881,0.9953475672,-0.0900333544,-0.03364675007,-0.006716534243,0,1
453,15100000000,0,0,-0.03819653964,0.0544040751,0.1323163405,0.9947848917,-0.09570856052,-0.03337983849,-0.01134359584,0,1
454,15133333333,0,0,-0.04172326269,0.05232911874,0.1336184149,0.9944529394,-0.0995200272,-0.03147459548,-0.01297942107,0,1
455,15166666667,0,0,-0.04287565761,0.04962309949,0.1352227773,0.9942469368,-0.1012775553,-0.0320804981,-0.01366481034,0,1
456,15200000000,0,0,-0.04414654299,0.04605250188,0.1351761163,0.9942937011,-0.1008181207,-0.03196986948,-0.01391653269,0,1
457,15233333333,0,0,-0.04585113091,0.042102983,0.1352446659,0.9944220147,-0.09927950593,-0.03319644495,-0.01290086606,0,1
458,15266666667,0,0,-0.04522473026,0.04053538752,0.1337851721,0.9947250745,-0.09565803047,-0.03512315862,-0.01174440907,0,1
459,15300000000,0,1,-0.04749944031,0.02997941454,0.1359923376,0.9946229069,-0.09686039141,-0.03496926396,-0.01097671442,0,1
460,15333333333,0,0,-0.04812940461,0.02373278826,0.1364219104,0.994888469,-0.09370351176,-0.03632520608,-0.009852185575,0,1
461,15366666667,0,0,-0.04979546627,0.02173327849,0.1355348085,0.9954588261,-0.08732293547,-0.0365421049,-0.01005509836,0,1
462,15400000000,0,0,-0.0518701127,0.01792138716,0.1359599277,0.9957152089,-0.08363967309,-0.03758850474,-0.01194706027,0,1
463,15433333333,0,0,-0.0526130982,0.0131573429,0.1377151857,0.9957964771,-0.08199846255,-0.03914115729,-0.01155846613,0,1
464,15466666667,0,0,-0.05430320883,0.007860326009,0.1399711136,0.9959493824,-0.07940707602,-0.04074653005,-0.01091165811,0,1
465,15500000000,0,0,-0.05527398588,0.003518103862,0.1419082729,0.9959233338,-0.07841402668,-0.04331818914,-0.01055879503,0,1
466,15533333333,0,1,-0.05283456543,-0.01527921695,0.1467476426,0.9952982673,-0.08433199739,-0.04717409283,-0.006639148616,0,1
467,15566666667,0,0,-0.05337259645,-0.02384680929,0.1502376247,0.9952153611,-0.08428921314,-0.0492552738,-0.003953688803,0,1
468,15600000000,0,0,-0.05410691216,-0.02890228848,0.1524437571,0.9952126669,-0.0830706502,-0.05143036439,-0.002435645633,0,1
469,15633333333,0,0,-0.05322794699,-0.04136573168,0.1577804185,0.9948740811,-0.08562332368,-0.05378905106,-0.0009731986101,0,1
470,15666666667,0,0,-0.05037596303,-0.04954826404,0.1608557978,0.9950762993,-0.08295979042,-0.05422734767,-0.0004759834377,0,1
471,15700000000,0,0,-0.05161410254,-0.05620397602,0.1635851963,0.9954122518,-0.08117713362,-0.05063066864,-0.001121351777,0,1
472,15733333333,0,1,-0.0508404565,-0.06979880532,0.1701448681,0.9953597829,-0.08251738368,-0.04949528459,-2.648463273e-05,0,1
473,15766666667,0,0,-0.05158576256,-0.07568713381,0.1728519958,0.9956311098,-0.08055083815,-0.04722141256,-0.0006275646845,0,1
474,15800000000,0,0,-0.05410303572,-0.08252603358,0.1774442271,0.9956223537,-0.0818982055,-0.04501454285,-0.001582272996,0,1
475,15833333333,0,0,-0.05466327187,-0.09517982862,0.1845050644,0.9953930241,-0.08478798284,-0.04469621423,-0.002444186401,0,1
476,15866666667,0,0,-0.05493868738,-0.1036218073,0.1890736814,0.9955386907,-0.08372691792,-0.04341396559,-0.002783169303,0,1
477,15900000000,0,0,-0.05431213369,-0.1123151804,0.1929298488,0.9955759442,-0.08380638333,-0.04222862356,-0.004666134008,0,1
478,15933333333,0,1,-0.04921791387,-0.1248166648,0.1985552676,0.9956271349,-0.08448851578,-0.03963747394,-0.004143617421,0,1
479,15966666667,0,0,-0.05227425682,-0.1318099245,0.2025772925,0.9959804116,-0.0824915161,-0.03430482779,-0.006430268328,0,1
480,16000000000,0,0,-0.05322983424,-0.1435914661,0.2080614623,0.9960224109,-0.08297847329,-0.03123458952,-0.008850448092,0,1
481,16033333333,0,0,-0.05797264102,-0.1522126574,0.2124106296,0.9964100746,-0.07964352754,-0.02743000708,-0.008453780135,0,1
482,16066666667,0,0,-0.06035408705,-0.1599308446,0.2156913341,0.996670866,-0.07611940692,-0.02769573904,-0.009271823925,0,1
483,16100000000,0,0,-0.05929775237,-0.171253279,0.2199519715,0.9968600767,-0.07323664829,-0.02833618348,-0.0101706216,0,1
484,16133333333,0,1,-0.05603223331,-0.181375986,0.2213483511,0.997222841,-0.06795425175,-0.02961870328,-0.007180358353,0,1
485,16166666667,0,0,-0.05344017763,-0.1866784108,0.2232795217,0.9975493674,-0.06304177081,-0.02921317044,-0.008221036667,0,1
486,16200000000,0,0,-0.05799552632,-0.1924620537,0.2260416917,0.9978859188,-0.05847156189,-0.02634875345,-0.01051250629,0,1
487,16233333333,0,0,-0.05926835335,-0.1944803221,0.2266163691,0.9980512478,-0.05497600012,-0.0276754174,-0.01026729514,0,1
488,16266666667,0,0,-0.0559168846,-0.1972815866,0.2292265744,0.9980569319,-0.05469593644,-0.02896164071,-0.007206849723,0,1
489,16300000000,0,0,-0.05756116148,-0.2008580772,0.2307747601,0.9980900325,-0.05447236026,-0.02862729385,-0.005433882065,0,1
490,16333333333,0,1,-0.05361420294,-0.1981632371,0.2312697835,0.998199214,-0.05179392474,-0.03006933934,-0.003399027762,0,1
491,16366666667,0,0,-0.05367370296,-0.1947986966,0.2300510199,0.9981802637,-0.05262905773,-0.02909089445,-0.004479208159,0,1
492,16400000000,0,0,-0.05189780561,-0.1923569865,0.2315074429,0.9980940004,-0.05445338787,-0.02865575134,-0.004694979658,0,1
493,16433333333,0,0,-0.05015477448,-0.1868929006,0.2303533613,0.9981425244,-0.05421600138,-0.02695337659,-0.006755864764,0,1
494,16466666667,0,0,-0.0510686396,-0.1779057291,0.2274123498,0.9981930438,-0.05415468167,-0.02443687863,-0.008986479467,0,1
495,16500000000,0,0,-0.05202235864,-0.1719078629,0.2260694551,0.9980376542,-0.05726561782,-0.02304007202,-0.01051879125,0,1
496,16533333333,0,0,-0.05302405791,-0.1681043755,0.2259954904,0.9979204289,-0.05858597604,-0.02343087182,-0.01317176186,0,1
497,16566666667,0,0,-0.05548514857,-0.1586804088,0.2208198804,0.9980340842,-0.05611924869,-0.02514452106,-0.01209750748,0,1
498,16600000000,0,1,-0.05344149439,-0.1395057432,0.2172393333,0.997922974,-0.05584480904,-0.02979543048,-0.01197194849,0,1
499,16633333333,0,0,-0.05076658781,-0.1397449552,0.2176656584,0.9974052932,-0.06264864802,-0.03289393168,-0.01325961313,0,1
500,16666666667,0,0,-0.04717179557,-0.1323663361,0.2117478018,0.9976006809,-0.05928102644,-0.03373414588,-0.0118595425,0,1
501,16700000000,0,0,-0.04689976733,-0.1117243941,0.2015032576,0.9979028686,-0.05510982564,-0.0311887793,-0.01341759937,0,1
502,16733333333,0,0,-0.04775054451,-0.1062073531,0.1983378183,0.9977024039,-0.05861852936,-0.02998027169,-0.01596761235,0,1
503,16766666667,0,0,-0.04800198781,-0.09357340843,0.1908675255,0.9978265172,-0.05679858515,-0.02848720747,-0.01745397935,0,1
504,16800000000,0,0,-0.05014140974,-0.07709775547,0.1836498324,0.9978596388,-0.05585261249,-0.02686437452,-0.02085503104,0,1
505,16833333333,0,0,-0.0511949697,-0.0672704601,0.1786023897,0.9975946314,-0.05958099939,-0.02712609276,-0.0227866388,0,1
506,16866666667,0,0,-0.05310690898,-0.05846492097,0.173670833,0.9974541621,-0.06164988306,-0.02732151782,-0.02319528084,0,1
507,16900000000,0,0,-0.05580817114,-0.046850623,0.1679144072,0.9974463693,-0.06112917042,-0.02900746089,-0.02285895971,0,1
508,16933333333,0,0,-0.05637075435,-0.03736845996,0.1620640119,0.9973494044,-0.0613191566,-0.03259389297,-0.02172014485,0,1
509,16966666667,0,0,-0.05826166063,-0.02498365342,0.1555432867,0.9973299863,-0.06049054911,-0.0355896848,-0.02017835933,0,1
510,17000000000,0,0,-0.05751307776,-0.02043644647,0.150811724,0.997053932,-0.0620600447,-0.0402526272,-0.02029121729,0,1
511,17033333333,0,0,-0.05552153333,-0.007812292511,0.1433684389,0.9972301074,-0.05821737811,-0.04265082304,-0.01799325149,0,1
512,17066666667,0,0,-0.05747173001,0.003411867639,0.138106729,0.9973037048,-0.05671905698,-0.04316164724,-0.01747401144,0,1
513,17100000000,0,0,-0.05533396612,0.01255066136,0.1328198731,0.9972327794,-0.056752159,-0.04502449073,-0.01669644759,0,1
514,17133333333,0,0,-0.05704348461,0.02226850257,0.1288502954,0.9973069108,-0.05620755666,-0.04489932473,-0.0142718895,0,1
515,17166666667,0,0,-0.05831738265,0.03024906808,0.1252653221,0.9973240812,-0.05516061881,-0.04641466815,-0.01215161486,0,1
516,17200000000,0,0,-0.05656099355,0.04322577502,0.1202845795,0.9972944646,-0.05336893595,-0.04934712122,-0.01097128476,0,1
517,17233333333,0,0,-0.05163383514,0.05075022654,0.116930144,0.997149877,-0.05488703539,-0.0509000824,-0.009419007746,0,1
518,17266666667,0,1,-0.05540342285,0.05563690929,0.1139737858,0.997114694,-0.05764450538,-0.0472347527,-0.01443177413,0,1
519,17300000000,0,0,-0.05663160875,0.0666472672,0.1096403086,0.9973384011,-0.0555907981,-0.04478447312,-0.01483670282,0,1
520,17333333333,0,0,-0.05909228961,0.07680845305,0.1066329928,0.9973641714,-0.05677531053,-0.04294002183,-0.01405091962,0,1
521,17366666667,0,0,-0.05850387271,0.08745791482,0.1034123505,0.9973185294,-0.05773461088,-0.04332743999,-0.01204983704,0,1
522,17400000000,0,0,-0.05662654299,0.1010857469,0.1000867674,0.9972914861,-0.05862498304,-0.04286738422,-0.01162714539,0,1
523,17433333333,0,0,-0.05842063423,0.107407727,0.09858372565,0.997101475,-0.06346536003,-0.04047536136,-0.01106985772,0,1
524,17466666667,0,1,-0.0611860226,0.1245131655,0.09615478199,0.997155214,-0.06353912501,-0.03908126931,-0.0108126408,0,1
525,17500000000,0,0,-0.05690948586,0.1350967661,0.09470339064,0.9968786194,-0.06782202647,-0.03865008784,-0.0118051547,0,1
526,17533333333,0,0,-0.05846604056,0.1427209811,0.0942098225,0.9966309957,-0.07417959234,-0.03362550162,-0.009662927238,0,1
527,17566666667,0,0,-0.06363710444,0.1495995221,0.09283580465,0.9964569379,-0.07819676821,-0.03049319559,-0.005385286309,0,1
528,17600000000,0,0,-0.06445261417,0.1575227898,0.09222603098,0.9961549307,-0.08144984958,-0.03212367174,-0.003057068502,0,1
529,17633333333,0,0,-0.06218354735,0.1664310784,0.09094889785,0.9959405388,-0.08332262575,-0.03403058445,0.00130482307,0,1
530,17666666667,0,0,-0.06099185253,0.1740547906,0.08958574971,0.9956793419,-0.08640773128,-0.03352121003,0.00571669451,0,1
531,17700000000,0,0,-0.06022530089,0.1768791312,0.08886562899,0.9955298651,-0.0886196027,-0.03214499256,0.005792507958,0,1
532,17733333333,0,1,-0.06479770272,0.1934766315,0.08459348281,0.9959799538,-0.08482993017,-0.02830130005,0.005181795908,0,1
533,17766666667,0,0,-0.06414044601,0.1992604213,0.08369520806,0.9955781032,-0.08979221808,-0.02702967306,0.005567287513,0,1
534,17800000000,0,0,-0.06330238225,0.2031156719,0.08215654342,0.9953718045,-0.09288654529,-0.02423097638,0.004463216357,0,1
535,17833333333,0,0,-0.06673708208,0.2166177566,0.07964961204,0.995390442,-0.09365889732,-0.01971923394,0.006085281362,0,1
536,17866666667,0,0,-0.07024788792,0.2126347242,0.07976220429,0.9943662465,-0.1043009348,-0.01762421867,0.00681687671,0,1
537,17900000000,0,0,-0.07229243998,0.2116901689,0.07903499214,0.9940608983,-0.1067842693,-0.01898312241,0.008926998555,0,1
538,17933333333,0,0,-0.0715507234,0.2155890021,0.07855460794,0.9939431298,-0.1071263765,-0.02188928967,0.01103871051,0,1
539,17966666667,0,1,-0.06988676367,0.2122429504,0.07874763732,0.9935638197,-0.1102521831,-0.02324063361,0.01163035731,0,1
540,18000000000,0,0,-0.06863861629,0.2063637386,0.07942970961,0.9934837576,-0.1107007697,-0.02300565416,0.01435628522,0,1
541,18033333333,0,0,-0.06879303295,0.2000837687,0.08011210473,0.9938608972,-0.1072996285,-0.02289834788,0.01424683542,0,1
542,18066666667,0,0,-0.06818320061,0.1975530875,0.0802335829,0.9943716771,-0.1027077497,-0.02305302024,0.0120268125,0,1
543,18100000000,0,0,-0.06774279138,0.1906755925,0.08141992604,0.9946716092,-0.1001622951,-0.02227021133,0.009997104839,0,1
544,18133333333,0,0,-0.0674448942,0.1827009325,0.08350378983,0.994893094,-0.09819564757,-0.02192230725,0.008047276549,0,1
545,18166666667,0,0,-0.06674113197,0.1755623568,0.08583737538,0.9952702975,-0.094488633,-0.02170032904,0.006166750304,0,1
546,18200000000,0,0,-0.06666322796,0.1656065628,0.08928837512,0.9953536179,-0.09362404006,-0.02181144121,0.005474983377,0,1
547,18233333333,0,1,-0.06345339681,0.1502972512,0.09445475159,0.9956559069,-0.08985531127,-0.02365486645,0.005982085386,0,1
548,18266666667,0,0,-0.06447001214,0.1484381688,0.09628965459,0.9964958787,-0.07999511997,-0.02379795461,0.005513792525,0,1
549,18300000000,0,0,-0.06352093965,0.1347161251,0.1021266175,0.9965520663,-0.07895725606,-0.02473900458,0.006141055877,0,1
550,18333333333,0,0,-0.06469220833,0.1235964419,0.1066480874,0.9969718623,-0.07283294242,-0.0260817982,0.007887207734,0,1
551,18366666667,0,0,-0.06496329635,0.1172569256,0.1105318125,0.9974086241,-0.06511477006,-0.02901894053,0.009695585663,0,1
552,18400000000,0,0,-0.06536342278,0.1098779724,0.1144788045,0.9974780735,-0.06151187545,-0.03282879698,0.01326846623,0,1
553,18433333333,0,0,-0.06297164964,0.09873388037,0.1202202126,0.9974112545,-0.05904706465,-0.03788949547,0.01576767778,0,1
554,18466666667,0,0,-0.06152517247,0.0919401551,0.1237341926,0.9976078488,-0.05329346195,-0.04102086983,0.01598984779,0,1
555,18500000000,0,0,-0.05990628308,0.08518861708,0.1281277829,0.9976615493,-0.05043693261,-0.04283405026,0.017111193,0,1
556,18533333333,0,0,-0.05978386936,0.07708516281,0.1321644203,0.9977423965,-0.04816326842,-0.04338922805,0.01754379569,0,1
557,18566666667,0,0,-0.06003351286,0.06701945482,0.1362574141,0.9976719585,-0.04757000348,-0.04554364955,0.01770689041,0,1
558,18600000000,0,0,-0.05638568089,0.05667141046,0.1407726235,0.9975925147,-0.04587300139,-0.04883368058,0.01789172929,0,1
559,18633333333,0,0,-0.05703322586,0.05203920095,0.1428011838,0.9977918852,-0.04189360378,-0.04867457555,0.01694300826,0,1
560,18666666667,0,0,-0.05564976387,0.04149749566,0.1471563936,0.9976750288,-0.04350167797,-0.05019777149,0.0152421975,0,1
561,18700000000,0,0,-0.05317321953,0.03075105573,0.1505234004,0.9977566008,-0.04185347791,-0.0504665807,0.01353426017,0,1
562,18733333333,0,0,-0.05476374025,0.02614279942,0.1518149161,0.9979934302,-0.03922098951,-0.04838917027,0.01137169455,0,1
563,18766666667,0,0,-0.05567348628,0.0158865585,0.1550983167,0.9980213581,-0.03987960713,-0.04777445454,0.008977033733,0,1
564,18800000000,0,0,-0.05623532094,0.006261265407,0.157984911,0.9980476854,-0.03977907863,-0.04767764059,0.006729423677,0,1
565,18833333333,0,0,-0.05560884093,-0.003403635507,0.1606285595,0.9980599969,-0.03855148738,-0.04857001153,0.005565910726,0,1
566,18866666667,0,0,-0.0561996197,-0.009554045389,0.1620038321,0.9981272911,-0.03737856448,-0.04821061429,0.004526628322,0,1
567,18900000000,0,1,-0.05790436983,-0.02459875028,0.1654740021,0.9980451423,-0.03886497214,-0.04881348164,0.003556952071,0,1
568,18933333333,0,0,-0.05711533454,-0.03121294664,0.1663599156,0.9980836069,-0.03569035792,-0.05039777496,0.003921262769,0,1
569,18966666667,0,0,-0.05813238622,-0.04011387842,0.1684952663,0.9981241085,-0.0341283357,-0.05073493736,0.003080084832,0,1
570,19000000000,0,0,-0.05817362336,-0.04964275773,0.1703564504,0.9981055084,-0.03265436166,-0.05208653112,0.002465756466,0,1
571,19033333333,0,0,-0.0554006811,-0.06014072055,0.1734674418,0.998138187,-0.03088270773,-0.05253863591,0.0024717798,0,1
572,19066666667,0,0,-0.05835155236,-0.06581236721,0.1749559605,0.9983301548,-0.02824329138,-0.05035262449,0.001957469743,0,1
573,19100000000,0,0,-0.0578187336,-0.07811131284,0.1786659287,0.9981934277,-0.02976906824,-0.05208303244,0.003322817093,0,1
574,19133333333,0,1,-0.05550348225,-0.09003359848,0.1829308253,0.9981861092,-0.02834510326,-0.05291129357,0.004630507916,0,1
575,19166666667,0,0,-0.05914884083,-0.09662478882,0.1845998096,0.9982438749,-0.02601206262,-0.05294068988,0.005460976285,0,1
576,19200000000,0,0,-0.05555690476,-0.1085795987,0.1900272635,0.9981241681,-0.02537168956,-0.05536529775,0.006253496744,0,1
577,19233333333,0,0,-0.05632306115,-0.1156122655,0.1914760054,0.9983124326,-0.02043463953,-0.05414223854,0.004830154244,0,1
578,19266666667,0,0,-0.05651221734,-0.1226980376,0.1934694005,0.9983585304,-0.01916114542,-0.05368607384,0.005558847732,0,1
579,19300000000,0,0,-0.05416223645,-0.1357227734,0.2006041284,0.9984170527,-0.01885618748,-0.05250647777,0.007134622358,0,1
580,19333333333,0,1,-0.05773690837,-0.1409177275,0.1990501251,0.9986181183,-0.01503537988,-0.04974183377,0.007844809974,0,1
581,19366666667,0,0,-0.05772700928,-0.1466569387,0.2006903053,0.9986088153,-0.01594648697,-0.04961651127,0.008021554425,0,1
582,19400000000,0,0,-0.05702222622,-0.158049108,0.2060047101,0.9986289027,-0.01834325545,-0.04846522193,0.007413635267,0,1
583,19433333333,0,0,-0.05682255966,-0.1655267811,0.2086564947,0.9987417352,-0.0172302801,-0.04668500505,0.006210808409,0,1
584,19466666667,0,0,-0.05516906486,-0.1699970213,0.2109822866,0.9989362742,-0.01608657695,-0.04307708026,0.003450688659,0,1
585,19500000000,0,0,-0.05842285252,-0.1788762608,0.2122636676,0.9990768813,-0.01914049565,-0.03839531412,0.002196944168,0,1
586,19533333333,0,0,-0.06010184677,-0.1872567463,0.2143635115,0.9990904818,-0.0203184139,-0.03734524885,0.003271637455,0,1
587,19566666667,0,0,-0.06005421816,-0.1915486966,0.2165982139,0.9990643218,-0.02181965607,-0.03718489545,0.003415709585,0,1
588,19600000000,0,0,-0.05929152483,-0.1993066817,0.2206451714,0.9990013276,-0.02431971693,-0.03703713388,0.00575756665,0,1
589,19633333333,0,0,-0.05724678485,-0.2026036649,0.2230357788,0.9989903385,-0.02526079826,-0.03631400665,0.007841465828,0,1
590,19666666667,0,1,-0.05598840415,-0.2073305516,0.2243899561,0.9989206142,-0.02817189212,-0.03515010183,0.01133231487,0,1
591,19700000000,0,0,-0.05698317797,-0.2100938554,0.2251655339,0.9987791784,-0.03066906539,-0.03458716117,0.01741520765,0,1
592,19733333333,0,0,-0.05737334508,-0.2117406347,0.2255737971,0.9986035897,-0.03284344651,-0.03625984655,0.01993495007,0,1
593,19766666667,0,0,-0.05503201084,-0.2117846351,0.2271785847,0.998504612,-0.03288077855,-0.03904331521,0.01957073935,0,1
594,19800000000,0,0,-0.05439532317,-0.2068667514,0.2258188033,0.9985564004,-0.03206916987,-0.03871990054,0.01890642653,0,1
595,19833333333,0,0,-0.05621209335,-0.2045361248,0.2251137909,0.9985835958,-0.03283904456,-0.03822831321,0.01705859016,0,1
596,19866666667,0,0,-0.05649398598,-0.1994726535,0.2220360788,0.9986344658,-0.03157457806,-0.0394315545,0.01331924468,0,1
597,19900000000,0,0,-0.0558062597,-0.1924448244,0.2199977762,0.9986833041,-0.03039325629,-0.04017777495,0.009677527206,0,1
598,19933333333,0,0,-0.05715563538,-0.1832229775,0.2144436954,0.9987818726,-0.02867774128,-0.03974431311,0.005722566103,0,1
599,19966666667,0,0,-0.05679931761,-0.1743104666,0.21184602,0.9987770881,-0.02878775365,-0.04019281688,0.0003618521927,0,1
600,20000000000,0,0,-0.05572123823,-0.1634231432,0.2081336416,0.998853916,-0.02656606391,-0.03953743913,-0.004678645142,0,1
601,20033333333,0,1,-0.05782267352,-0.1426880555,0.201602209,0.9989098614,-0.02614906428,-0.03735585606,-0.009992760818,0,1
602,20066666667,0,0,-0.0583507248,-0.1416982027,0.1987834251,0.9986430342,-0.03444433509,-0.03675032522,-0.01323221919,0,1
603,20100000000,0,0,-0.06142296575,-0.1285586647,0.1922789462,0.9986296349,-0.0339700286,-0.03660526622,-0.01565068502,0,1
604,20133333333,0,0,-0.06395763462,-0.113935892,0.1826168734,0.9983106409,-0.03882990859,-0.03799754658,-0.020598274,0,1
605,20166666667,0,0,-0.06367719134,-0.1071323604,0.1802216924,0.9978349365,-0.04613088941,-0.04083661091,-0.02301633659,0,1
606,20200000000,0,0,-0.06649132611,-0.09438945604,0.1731827056,0.9975866853,-0.04988200958,-0.04195918205,-0.02391688762,0,1
607,20233333333,0,1,-0.06837090088,-0.08324100537,0.1780320558,0.9972026935,-0.05326531011,-0.046717165,-0.02381388993,0,1
608,20266666667,0,0,-0.06815805471,-0.07246718808,0.1712762177,0.996906299,-0.05485676396,-0.05157474348,-0.02255243515,0,1
609,20300000000,0,0,-0.06931474547,-0.06330747897,0.1659855881,0.996487581,-0.05793914464,-0.05619011261,-0.02232101274,0,1
610,20333333333,0,0,-0.06852214158,-0.05280297346,0.1613777855,0.9961538204,-0.0588865244,-0.06047662009,-0.02350578362,0,1
611,20366666667,0,0,-0.06655812769,-0.04133934299,0.1567543695,0.995973285,-0.05973420876,-0.06198360034,-0.02504142923,0,1
612,20400000000,0,0,-0.06624789316,-0.03175148555,0.1528416259,0.9959249649,-0.06099836324,-0.06092556442,-0.0264714856,0,1
613,20433333333,0,0,-0.0694384504,-0.02494426971,0.1474045746,0.9959167268,-0.06226361222,-0.06012043373,-0.02566416306,0,1
614,20466666667,0,0,-0.06980341479,-0.01358745221,0.1415955704,0.9959514178,-0.06029205764,-0.06193586442,-0.02468987277,0,1
615,20500000000,0,0,-0.06998435534,-0.002652265184,0.1370453032,0.9959582231,-0.05940106495,-0.06320720601,-0.02331481043,0,1
616,20533333333,0,0,-0.07149778008,0.007057810089,0.1320462516,0.9958859465,-0.05918591704,-0.06550745739,-0.02042013129,0,1
617,20566666667,0,0,-0.0704007519,0.02195137207,0.1276039992,0.9958008583,-0.05733671324,-0.06850672713,-0.01999950621,0,1
618,20600000000,0,1,-0.07188544454,0.03399603504,0.1231022027,0.9956240705,-0.06048035231,-0.06805843418,-0.02104487445,0,1
619,20633333333,0,0,-0.0703699505,0.04138832251,0.1219351434,0.9952736133,-0.0659764517,-0.06792142341,-0.02154582901,0,1
620,20666666667,0,0,-0.06681805514,0.04980146694,0.1196124504,0.9952822489,-0.06795239787,-0.0651659729,-0.02343315021,0,1
621,20700000000,0,0,-0.06851160888,0.06121611317,0.1167805544,0.9955695549,-0.07009055699,-0.05830261664,-0.02300826107,0,1
622,20733333333,0,0,-0.07134387214,0.06551234082,0.1151925362,0.9954353895,-0.07467155611,-0.05514231587,-0.02217812109,0,1
623,20766666667,0,0,-0.07206588044,0.07276617457,0.1128410375,0.9954373963,-0.0755637158,-0.05429757746,-0.02112552796,0,1
624,20800000000,0,0,-0.07406888887,0.08299039228,0.1097990583,0.9954692086,-0.07637716105,-0.05379198599,-0.01772022269,0,1
625,20833333333,0,0,-0.07342114926,0.08758349623,0.1079846202,0.9951913736,-0.07964384726,-0.05516428875,-0.01441834806,0,1
626,20866666667,0,0,-0.07215795837,0.09284563821,0.1055994288,0.9952005565,-0.07972435095,-0.0552172918,-0.0130740506,0,1
627,20900000000,0,0,-0.07284559356,0.1055306203,0.101985325,0.9954727511,-0.07744823805,-0.05407731082,-0.01055540598,0,1
628,20933333333,0,1,-0.07296183086,0.1165435796,0.09941217211,0.9953725224,-0.07985212083,-0.05275800406,-0.008589146501,0,1
629,20966666667,0,0,-0.07366330648,0.1233779906,0.09803280277,0.9951572017,-0.08303693766,-0.05194634924,-0.008281762523,0,1
630,21000000000,0,0,-0.07175306403,0.134970286,0.09605701342,0.9951116818,-0.08433755974,-0.05080047954,-0.007695976663,0,1
631,21033333333,0,0,-0.07055379877,0.144754231,0.09517991865,0.9949702917,-0.08831754368,-0.04657163197,-0.008075468109,0,1
632,21066666667,0,0,-0.07203663716,0.157980415,0.09327938097,0.9947916406,-0.0923381967,-0.04220760505,-0.009042531241,0,1
633,21100000000,0,0,-0.06946736841,0.1671554032,0.09379473005,0.9941002014,-0.1005079603,-0.04028531225,-0.006327179515,0,1
634,21133333333,0,1,-0.06945369093,0.1779033331,0.09324347866,0.9938074244,-0.1049654373,-0.03590803624,-0.006298664707,0,1
635,21166666667,0,0,-0.06938181076,0.186206725,0.09288075423,0.9934418489,-0.1096974171,-0.03168370534,-0.005992690434,0,1
636,21200000000,0,0,-0.0677171854,0.1949002096,0.09222382283,0.9930855265,-0.1141019021,-0.0275064635,-0.002299443322,0,1
637,21233333333,0,0,-0.06864436207,0.1985910532,0.09173569231,0.9926784821,-0.1187455494,-0.0220938831,-0.0008865974341,0,1
638,21266666667,0,0,-0.07011403416,0.2092272478,0.08924292318,0.9926842648,-0.1192633253,-0.01881631114,0.000395105028,0,1
639,21300000000,0,0,-0.06878316735,0.217856549,0.08796821555,0.9922528113,-0.122904987,-0.01740621294,0.005074081349,0,1
640,21333333333,0,1,-0.06607206407,0.2254251291,0.08761728588,0.9918682467,-0.125838767,-0.0169815967,0.008579695938,0,1
641,21366666667,0,0,-0.06506424015,0.2305904324,0.08571825344,0.9915094726,-0.1284128075,-0.01741098186,0.01076913407,0,1
642,21400000000,0,0,-0.064525317,0.237967003,0.0852327629,0.991223211,-0.1303369714,-0.01692670116,0.01422345088,0,1
643,21433333333,0,0,-0.0623657302,0.2434153017,0.08263839536,0.9909599764,-0.1322622356,-0.01620410544,0.0155709058,0,1
644,21466666667,0,0,-0.06177223502,0.2505285871,0.08252713635,0.9904762149,-0.1360865292,-0.01400766175,0.0155277102,0,1
645,21500000000,0,0,-0.06073490762,0.2559628027,0.08190037172,0.9898900321,-0.1404993907,-0.01058281809,0.01629876066,0,1
646,21533333333,0,1,-0.06126338285,0.2611460433,0.08250147726,0.9891964415,-0.1454154241,-0.006366434165,0.0174419893,0,1
647,21566666667,0,0,-0.0595852806,0.2677158891,0.08243386092,0.9889255413,-0.1469956936,-0.005251015718,0.01977287462,0,1
648,21600000000,0,0,-0.05956630866,0.271774771,0.08177370767,0.9887815337,-0.1477067611,-0.005685362154,0.02148180825,0,1
649,21633333333,0,0,-0.06025896482,0.2734659847,0.08068653984,0.9886316731,-0.1485686731,-0.005472208325,0.02246818545,0,1
650,21666666667,0,0,-0.05915298929,0.2747146753,0.08058708066,0.988470419,-0.1492594957,-0.006085439039,0.02471438919,0,1
651,21700000000,0,0,-0.0605491813,0.2778387779,0.08022382367,0.9888350739,-0.1465858095,-0.00676067916,0.02592470311,0,1
652,21733333333,0,0,-0.06025728264,0.2734115095,0.08014944318,0.9891194225,-0.1447960219,-0.008218597973,0.02468470654,0,1
653,21766666667,0,0,-0.05811569908,0.2679977271,0.07946971151,0.9887225267,-0.1471230641,-0.009691835803,0.02624190253,0,1
654,21800000000,0,1,-0.05651798423,0.274331783,0.07915927263,0.989256446,-0.1428114982,-0.01278719258,0.02851399333,0,1
655,21833333333,0,0,-0.05768066609,0.2703452047,0.08130030165,0.9900867718,-0.1366013392,-0.0162339228,0.02836755519,0,1
656,21866666667,0,0,-0.05769098975,0.2612849278,0.08233674265,0.9902968925,-0.1346543832,-0.01930023349,0.02842116789,0,1
657,21900000000,0,0,-0.05906187185,0.2610568844,0.08603988116,0.9907798379,-0.1304854533,-0.02158938719,0.02937273765,0,1
658,21933333333,0,0,-0.05967672594,0.2576473184,0.08883131405,0.9918952736,-0.1215588954,-0.02413555841,0.02801206976,0,1
659,21966666667,0,0,-0.05904190724,0.2448541578,0.09057319895,0.992116611,-0.1199648853,-0.02563533639,0.02561027187,0,1
660,22000000000,0,0,-0.05959045944,0.2428874955,0.0942377515,0.992667763,-0.1154563974,-0.02663612445,0.02389664057,0,1
661,22033333333,0,1,-0.05837142222,0.2240677022,0.09714999443,0.9927752543,-0.1145384308,-0.02798397488,0.02225172948,0,1
662,22066666667,0,0,-0.0544465327,0.213864293,0.09743600122,0.9930841125,-0.1110145691,-0.03144816581,0.02169617069,0,1
663,22100000000,0,0,-0.05445286483,0.2088212031,0.1002401794,0.9931681087,-0.1088782006,-0.03604114794,0.02153325322,0,1
664,22133333333,0,0,-0.0554419646,0.2026934754,0.1036787812,0.9937096944,-0.1025484205,-0.03929029693,0.0219348396,0,1
665,22166666667,0,0,-0.05565841022,0.1932908518,0.1050675206,0.9940701745,-0.09797028051,-0.04247780507,0.02054137983,0,1
666,22200000000,0,0,-0.05560374341,0.184440977,0.1074103616,0.9943922287,-0.09403475291,-0.04433775544,0.01938360743,0,1
667,22233333333,0,1,-0.05568219579,0.1682082655,0.1094753692,0.9945255068,-0.09220279243,-0.04529808696,0.01912445073,0,1
668,22266666667,0,0,-0.05580492024,0.1573352529,0.1110307528,0.9951128645,-0.0856059188,-0.04625158826,0.01681678474,0,1
669,22300000000,0,0,-0.05589307834,0.1459516615,0.1125513377,0.9956064153,-0.07951721109,-0.04726618917,0.01451848283,0,1
670,22333333333,0,0,-0.0568653897,0.1377552216,0.113927466,0.9961349685,-0.07214107099,-0.0486209422,0.01211587665,0,1
671,22366666667,0,0,-0.05837034085,0.1260595498,0.1158223881,0.9963648975,-0.0686054126,-0.04964731297,0.009242980227,0,1
672,22400000000,0,0,-0.05883549248,0.1136846653,0.11910741,0.9964807162,-0.06540343296,-0.05197673188,0.00685511396,0,1
673,22433333333,0,1,-0.05840669481,0.1050169341,0.1218372487,0.9967614392,-0.05887445613,-0.05457042455,0.004743467006,0,1
674,22466666667,0,0,-0.05818018038,0.09526039149,0.1248106972,0.9968723465,-0.05467833394,-0.05699181195,0.00278170149,0,1
675,22500000000,0,0,-0.05636245857,0.08132920759,0.1293102394,0.9968941054,-0.0517397975,-0.05936762964,0.0007877292667,0,1
676,22533333333,0,0,-0.05526026087,0.07065156349,0.1323976783,0.997067977,-0.04768469779,-0.05983483633,-0.001187968414,0,1
677,22566666667,0,0,-0.05603398948,0.05693188086,0.137063172,0.9971287149,-0.04647059519,-0.05971946133,-0.002897527595,0,1
678,22600000000,0,0,-0.05595645551,0.04304044826,0.1415458942,0.9971348796,-0.0444375969,-0.06111387565,-0.003525067768,0,1
679,22633333333,0,1,-0.05841879707,0.03942710936,0.1429538709,0.9973964483,-0.03842600534,-0.0608318542,-0.004822090336,0,1
680,22666666667,0,0,-0.05814825361,0.02666196077,0.149276756,0.9972891091,-0.03858206789,-0.06241766432,-0.005467365206,0,1
681,22700000000,0,0,-0.05420613392,0.0130276856,0.1553514214,0.9972568506,-0.03731749163,-0.06365897588,-0.005806334156,0,1
682,22733333333,0,0,-0.05582481452,0.006367441292,0.1592385714,0.9975438882,-0.03485145064,-0.0604242679,-0.006362022289,0,1
683,22766666667,0,0,-0.05389612649,-0.005908605023,0.166259508,0.9974320394,-0.03840071635,-0.06015425455,-0.006014758843,0,1
684,22800000000,0,0,-0.05496579906,-0.02415983556,0.1742109682,0.997465722,-0.03924196508,-0.0591807782,-0.004453894718,0,1
685,22833333333,0,1,-0.05986378246,-0.03269121848,0.1766626129,0.9976349049,-0.0335373512,-0.05988517084,-0.003689028835,0,1
686,22866666667,0,0,-0.05640656896,-0.03818798752,0.1793352827,0.9975454807,-0.03085413457,-0.06279994902,-0.00268378823,0,1
687,22900000000,0,0,-0.05643478934,-0.05006367979,0.1856851612,0.9975503757,-0.03243644713,-0.06197516419,0.0004515903761,0,1
688,22933333333,0,0,-0.05737818569,-0.06300136583,0.1912652619,0.9974898306,-0.03231652198,-0.06299388133,0.001204604689,0,1
689,22966666667,0,0,-0.05582208633,-0.07109266745,0.1926606397,0.9975813452,-0.0282407815,-0.0635092913,-0.0006985154819,0,1
690,23000000000,0,0,-0.05781742173,-0.07438272496,0.1937973399,0.9978023169,-0.02773925043,-0.06017531981,3.409404111e-05,0,1
691,23033333333,0,1,-0.05889554182,-0.08721612039,0.1999603198,0.9977575583,-0.03162367433,-0.05898896586,-0.0003161771519,0,1
692,23066666667,0,0,-0.06121895929,-0.09969450298,0.2038569349,0.9978286516,-0.03046255399,-0.05832795692,-0.002804349646,0,1
693,23100000000,0,0,-0.0619965168,-0.1034859324,0.2043444867,0.9979537697,-0.02684351971,-0.05792070485,-0.003590398112,0,1
694,23133333333,0,0,-0.06183522489,-0.1145372166,0.2098501084,0.9980211112,-0.0274392161,-0.05646845583,-0.003502061387,0,1
695,23166666667,0,0,-0.06438073264,-0.1194928525,0.2104765826,0.9982158872,-0.02313222241,-0.0546175539,-0.006845846703,0,1
696,23200000000,0,0,-0.06133662045,-0.1237032867,0.2155301058,0.9982409827,-0.02289799086,-0.05358354449,-0.01092822903,0,1
697,23233333333,0,1,-0.06031600746,-0.128884579,0.2193913429,0.9985220025,-0.02325677905,-0.0478022278,-0.01130839334,0,1
698,23266666667,0,0,-0.06222752416,-0.1350173711,0.2230251455,0.9986761187,-0.02640282054,-0.04215721444,-0.01310230187,0,1
699,23300000000,0,0,-0.06240985906,-0.1442769469,0.2266850059,0.9987978215,-0.02705557085,-0.03818676498,-0.01458351301,0,1
700,23333333333,0,0,-0.06394044964,-0.144072942,0.2257010666,0.9989771456,-0.02564819123,-0.03384097744,-0.01554416661,0,1
701,23366666667,0,0,-0.06307579739,-0.1474309197,0.2267533894,0.9990103599,-0.02693341396,-0.03097948784,-0.01712201101,0,1
702,23400000000,0,0,-0.06242041647,-0.1493152432,0.2284877293,0.9990255447,-0.02837686308,-0.02769366653,-0.01938492936,0,1
703,23433333333,0,0,-0.06393792419,-0.1543884457,0.2296328366,0.9991143026,-0.02837653924,-0.02408709589,-0.01962636307,0,1
704,23466666667,0,0,-0.0690906007,-0.1575703415,0.2248897174,0.9993089186,-0.02454088489,-0.02232446732,-0.01676449379,0,1
705,23500000000,0,0,-0.07309688902,-0.1499393909,0.2172341843,0.9993740542,-0.01908888895,-0.02509214619,-0.01604675102,0,1
706,23533333333,0,0,-0.06988206958,-0.1505725425,0.2184550967,0.9992280965,-0.01824061009,-0.03189364303,-0.01390276178,0,1
707,23566666667,0,0,-0.06756263283,-0.1390472938,0.2115778164,0.9992525516,-0.01204731228,-0.03455607531,-0.01245303434,0,1
708,23600000000,0,0,-0.06646392097,-0.1316911172,0.2093855189,0.9991689498,-0.01190110798,-0.0358326599,-0.01535558138,0,1
709,23633333333,0,0,-0.06458564872,-0.1225659435,0.2044854258,0.9991724537,-0.01121765047,-0.03549172076,-0.0163984697,0,1
710,23666666667,0,0,-0.06549930724,-0.1161528819,0.2014288793,0.9991656865,-0.01364707568,-0.03379257111,-0.01843231769,0,1
711,23700000000,0,0,-0.067879779,-0.1080481966,0.1967163638,0.9991613829,-0.01369063544,-0.03371222691,-0.01877720101,0,1
712,23733333333,0,1,-0.07296565255,-0.09294360431,0.1906151956,0.9991005125,-0.01528690425,-0.03531645744,-0.01781079218,0,1
713,23766666667,0,0,-0.07417944606,-0.09010572651,0.1869148066,0.9988078124,-0.02012053469,-0.04188673618,-0.01495390367,0,1
714,23800000000,0,0,-0.0723882303,-0.07889207634,0.1822191215,0.9984814826,-0.02021579711,-0.04994947281,-0.01144991545,0,1
715,23833333333,0,0,-0.06786880894,-0.06657833027,0.1806509271,0.9980678779,-0.02213932808,-0.05698322641,-0.01110284718,0,1
716,23866666667,0,0,-0.06198371009,-0.05377044799,0.1781728206,0.997833856,-0.02472027691,-0.06010385353,-0.01019953475,0,1
717,23900000000,0,0,-0.06192319169,-0.03944275192,0.1763871662,0.9978556292,-0.02785489792,-0.0584660419,-0.009485241822,0,1
718,23933333333,0,0,-0.06094453299,-0.03103998056,0.1757606119,0.9977368731,-0.03245831424,-0.05801701054,-0.01008049088,0,1
719,23966666667,0,0,-0.06105346574,-0.01610797137,0.1723136518,0.9977904843,-0.03375965481,-0.05654380975,-0.008788209601,0,1
720,24000000000,0,1,-0.06411215895,0.001756286814,0.1706073692,0.9976916494,-0.03803785676,-0.0554503647,-0.009473716373,0,1
721,24033333333,0,0,-0.06139571406,0.008748319468,0.1701278495,0.9973711233,-0.04401965172,-0.05689876626,-0.008697302125,0,1
722,24066666667,0,0,-0.06012270406,0.0233025616,0.1666966846,0.9973329651,-0.0461456233,-0.05592755315,-0.008345471435,0,1
723,24100000000,0,0,-0.05912487256,0.03528356064,0.1646759709,0.9972144092,-0.05022317281,-0.054422146,-0.008904209344,0,1
724,24133333333,0,0,-0.05829857045,0.04977342169,0.1624257624,0.9971784362,-0.05362234452,-0.05147402752,-0.01049928337,0,1
725,24166666667,0,0,-0.05903258857,0.05914607757,0.1606979193,0.9970909045,-0.05851976919,-0.0473117763,-0.01211447912,0,1
726,24200000000,0,1,-0.06001897609,0.07042397475,0.1591996985,0.9970001333,-0.06213069654,-0.04403160384,-0.01384661033,0,1
727,24233333333,0,0,-0.0600503185,0.08066601584,0.1564862275,0.9967377241,-0.06690385196,-0.04249449175,-0.01523161384,0,1
728,24266666667,0,0,-0.06014025209,0.08735215879,0.1548501279,0.9964293778,-0.07227906787,-0.04119022214,-0.01440822816,0,1
729,24300000000,0,0,-0.06186957521,0.09665299762,0.1518785259,0.9963206489,-0.0744347217,-0.04088901913,-0.01152062963,0,1
730,24333333333,0,0,-0.06204967982,0.1106820444,0.1483399468,0.9961438383,-0.07615407617,-0.04249809263,-0.009587608246,0,1
731,24366666667,0,0,-0.05851767443,0.1191371409,0.1470071313,0.9955780497,-0.08247376164,-0.04412321604,-0.008692955614,0,1
732,24400000000,0,0,-0.05643570883,0.1277026023,0.1454891338,0.9952880791,-0.08679434495,-0.04270975429,-0.00665268525,0,1
733,24433333333,0,1,-0.05681041919,0.1360875868,0.1436399551,0.994903027,-0.09211695631,-0.04060890466,-0.005774947092,0,1
734,24466666667,0,0,-0.05355103548,0.1389355502,0.1432536323,0.9944130495,-0.09762452956,-0.03998779625,-0.003621382433,0,1
735,24500000000,0,0,-0.05315428203,0.1452100696,0.1409648003,0.9943483243,-0.09921837653,-0.0377726977,0.0005891344385,0,1
736,24533333333,0,0,-0.05179959978,0.1524140708,0.1391047825,0.9941659811,-0.1013922764,-0.03660165343,0.003731925076,0,1
737,24566666667,0,0,-0.05062566665,0.152174945,0.1374150867,0.9939072892,-0.1043137209,-0.03500967701,0.006424225646,0,1
738,24600000000,0,0,-0.05029815787,0.1590466015,0.1342604506,0.9940658165,-0.1028978853,-0.03392767878,0.009700018356,0,1
739,24633333333,0,0,-0.04602534004,0.1617866742,0.1330545702,0.9939906566,-0.1037369519,-0.03329152837,0.0106251388,0,1
740,24666666667,0,0,-0.0458651808,0.1645832745,0.1304876773,0.994046807,-0.104380139,-0.02925284754,0.01095458458,0,1
741,24700000000,0,0,-0.04736587597,0.1665135838,0.1284383477,0.9940360063,-0.10522616,-0.02632114597,0.01127256577,0,1
742,24733333333,0,1,-0.04630691302,0.1703880852,0.1275084805,0.9942117572,-0.1041528257,-0.02428473698,0.01026753152,0,1
743,24766666667,0,0,-0.04707442805,0.1715929066,0.1254067755,0.9941582565,-0.1048142317,-0.02278722801,0.01200333793,0,1
744,24800000000,0,0,-0.04719136966,0.1704942902,0.1250308068,0.9940315342,-0.1057287604,-0.02349266062,0.01307031537,0,1
745,24833333333,0,0,-0.04614065543,0.1699015395,0.1245223677,0.9941325515,-0.1044440716,-0.02479986178,0.0132993541,0,1
746,24866666667,0,0,-0.04582411924,0.1711208052,0.1237216365,0.9942483402,-0.1030838342,-0.0252032834,0.01444837641,0,1
747,24900000000,0,0,-0.04662637871,0.1704052497,0.1240790769,0.9941981326,-0.1035172966,-0.02531819108,0.01460244999,0,1
748,24933333333,0,0,-0.04892079578,0.1663612321,0.1240010651,0.9940441043,-0.1045535108,-0.02654774133,0.01549514422,0,1
749,24966666667,0,0,-0.04868045877,0.1636138904,0.1251723735,0.994014817,-0.1037141933,-0.03024622706,0.0162196008,0,1
750,25000000000,0,0,-0.04864977317,0.1645885265,0.1253150716,0.9942637621,-0.1004848076,-0.03317616755,0.01554724134,0,1
751,25033333333,0,0,-0.04702767808,0.1628391041,0.1269800484,0.9942444425,-0.09995116483,-0.03531471471,0.01551206123,0,1
752,25066666667,0,0,-0.0467199713,0.1576572575,0.1282601496,0.9943226493,-0.09922800043,-0.03555332349,0.01456826036,0,1
753,25100000000,0,0,-0.0479120629,0.1587989712,0.1285496095,0.9947112777,-0.09547658136,-0.03536201741,0.01353603528,0,1
754,25133333333,0,0,-0.04891296849,0.1556498605,0.1302263873,0.9946322644,-0.09617056454,-0.03599233759,0.01274491199,0,1
755,25166666667,0,0,-0.04874475311,0.1490056609,0.1325975721,0.994605974,-0.09582746684,-0.03777945891,0.01219695074,0,1
756,25200000000,0,0,-0.04963228148,0.1504136378,0.1329524372,0.9949700684,-0.09167873076,-0.03861243835,0.01177509519,0,1
757,25233333333,0,0,-0.05030995429,0.1488873653,0.1345368455,0.994967867,-0.09138339617,-0.03958523288,0.0110012644,0,1
758,25266666667,0,0,-0.05001789281,0.1427025979,0.1369405452,0.9948366996,-0.09214864097,-0.04112351332,0.01083631464,0,1
759,25300000000,0,0,-0.05138500263,0.145550324,0.1371906721,0.995164989,-0.08836143118,-0.04172881073,0.009879704785,0,1
760,25333333333,0,0,-0.05206641462,0.1443042851,0.1389391058,0.9950339645,-0.08943853946,-0.0427749112,0.008857999553,0,1
761,25366666667,0,0,-0.0509436848,0.1390882216,0.1414394401,0.9948499962,-0.09071571477,-0.04432299285,0.008922802341,0,1
762,25400000000,0,1,-0.05134280449,0.1374188425,0.142664534,0.9949550812,-0.08932540379,-0.04479489219,0.008875604419,0,1
763,25433333333,0,0,-0.05150372419,0.1383984094,0.1433102563,0.9949490686,-0.08913173741,-0.04534409815,0.00870615035,0,1
764,25466666667,0,0,-0.05094456178,0.1353835525,0.1452227197,0.9947730553,-0.09067017158,-0.04587722415,0.01003836754,0,1
765,25500000000,0,0,-0.05125274285,0.133946419,0.1456888932,0.9948739499,-0.0892575341,-0.04626695387,0.01087590628,0,1
766,25533333333,0,0,-0.0517086468,0.1362542121,0.1452775887,0.9949853438,-0.08772422901,-0.04692961477,0.01030711192,0,1
767,25566666667,0,0,-0.05078971202,0.133507397,0.1466136915,0.99476959,-0.08964349442,-0.04782129505,0.0105181027,0,1
768,25600000000,0,0,-0.05114133189,0.1305885525,0.1470371884,0.9948015002,-0.08927457125,-0.04781627298,0.01065974321,0,1
769,25633333333,0,0,-0.0521025805,0.1322943222,0.1459239729,0.9950189342,-0.08694162133,-0.04784148532,0.009469286307,0,1
770,25666666667,0,0,-0.05206281359,0.1315533352,0.1462564018,0.9949805233,-0.08733630913,-0.04804221334,0.008835900027,0,1
771,25700000000,0,0,-0.05356340899,0.1300985982,0.1464149511,0.9949692449,-0.08765459279,-0.04779183219,0.008295474025,0,1
772,25733333333,0,0,-0.05461192056,0.1303613514,0.1465294318,0.9949935274,-0.08706750533,-0.04843001405,0.007852622106,0,1
773,25766666667,0,0,-0.05492456355,0.1312289254,0.1468646276,0.9949173647,-0.08747716086,-0.04921575291,0.00806185022,0,1
774,25800000000,0,0,-0.05413501953,0.1297732754,0.1489767873,0.9946663708,-0.08957489594,-0.0505022011,0.008042170976,0,1
775,25833333333,0,0,-0.05308680672,0.1305167763,0.1503886088,0.9945800383,-0.09026666148,-0.05101020323,0.007774083853,0,1
776,25866666667,0,0,-0.05199010283,0.1279430279,0.1534283345,0.9943003478,-0.09345547951,-0.05050496893,0.009063098697,0,1
777,25900000000,0,0,-0.05218149214,0.1245538122,0.1553475082,0.9942298352,-0.09432397337,-0.05012311881,0.009884122735,0,1
778,25933333333,0,0,-0.05221354887,0.1239961522,0.1560747455,0.994277264,-0.09364477414,-0.05032001644,0.01054866974,0,1
779,25966666667,0,0,-0.05137515097,0.1238313562,0.1573625882,0.9941818216,-0.09424139599,-0.0507221223,0.01217913013,0,1
780,26000000000,0,0,-0.04995389731,0.1194910639,0.1596322376,0.9940811879,-0.09485879146,-0.05122889748,0.01341646938,0,1
781,26033333333,0,0,-0.05112181948,0.1211922977,0.1588430518,0.9943769163,-0.09198737712,-0.05068512949,0.0135605491,0,1
782,26066666667,0,1,-0.05159240288,0.121952645,0.1593146959,0.9943648412,-0.09191127708,-0.05092992652,0.01403646269,0,1
783,26100000000,0,0,-0.05103888179,0.1192047241,0.1607300116,0.9942550946,-0.09278162299,-0.05150065,0.01400215554,0,1
784,26133333333,0,0,-0.05192916914,0.1201754194,0.1597043793,0.9944499566,-0.09100795023,-0.0510955023,0.01326975394,0,1
785,26166666667,0,0,-0.05257997845,0.1202949125,0.1595743795,0.9944723045,-0.09092884238,-0.05099954176,0.01248311016,0,1
786,26200000000,0,0,-0.05281955866,0.1188844023,0.1602601846,0.9944082433,-0.09156605042,-0.05144869353,0.01099709224,0,1
787,26233333333,0,0,-0.05300761077,0.1180525838,0.160030809,0.9944701709,-0.09102496968,-0.05146074084,0.009763515061,0,1
788,26266666667,0,0,-0.05399776652,0.1182840507,0.1595318863,0.9945553575,-0.09040659362,-0.05113230143,0.008472101194,0,1
789,26300000000,0,0,-0.05396119115,0.1170242937,0.1597286226,0.9944929061,-0.09098516157,-0.05147025634,0.007508181899,0,1
790,26333333333,0,0,-0.05370645706,0.1161891998,0.1596259324,0.9945158771,-0.09079432077,-0.05145429412,0.006856904443,0,1
791,26366666667,0,0,-0.05334583935,0.1157635759,0.1599248944,0.9945217493,-0.09091949462,-0.05117931178,0.006388567872,0,1
792,26400000000,0,0,-0.05348971831,0.1132251545,0.1600678563,0.9945396394,-0.09113149344,-0.05047765868,0.006161375209,0,1
793,26433333333,0,0,-0.05494377638,0.1132720782,0.1590961436,0.9947143657,-0.08947995555,-0.04997800106,0.006234391829,0,1
794,26466666667,0,0,-0.05578401499,0.1133515675,0.1583324419,0.9947131355,-0.08889548573,-0.05100762597,0.006449245684,0,1
795,26500000000,0,0,-0.05475008246,0.1117123927,0.1585815318,0.9946035307,-0.08907635926,-0.05284050804,0.006090950007,0,1
796,26533333333,0,0,-0.0539860022,0.1115549336,0.1580604089,0.9947047611,-0.08789599323,-0.05301378824,0.005125505382,0,1
797,26566666667,0,0,-0.05422115186,0.1122572338,0.1572992823,0.9948690062,-0.08674850953,-0.05190608913,0.004014290054,0,1
