dataset,sequence,skip,exit,posed,segments,ate_cm,ate_all_cm,rpe_cm,rpe_deg
tum,freiburg1_desk,0,0,606/613,1,12.454,12.454,6.185,2.079
tum,freiburg1_desk,150,0,460/613,1,11.27,11.27,8.808,3.184
tum,freiburg1_desk,300,0,312/613,1,2.893,2.893,3.593,1.871
tum,freiburg1_room,0,0,1358/1362,1,78.958,78.958,25.66,3.279
tum,freiburg1_room,150,0,1202/1362,3,24.831,30.406,19.229,2.374
tum,freiburg1_room,300,0,1054/1362,2,51.306,38.412,27.85,6.235
tum,freiburg1_xyz,0,0,793/798,1,3.109,3.109,2.129,1.371
tum,freiburg1_xyz,150,0,646/798,1,2.818,2.818,2.243,1.459
tum,freiburg1_xyz,300,0,497/798,1,14.089,14.089,20.122,12.749
tum,freiburg2_desk,0,0,2956/2965,1,17.706,17.706,2.12,0.542
tum,freiburg2_desk,150,0,2811/2965,1,14.399,14.399,1.786,0.546
tum,freiburg2_desk,300,0,2662/2965,1,11.751,11.751,1.643,0.545
tum,freiburg3_long_office_household,0,0,2559/2585,1,9.65,9.65,1.374,0.566
tum,freiburg3_long_office_household,150,0,2427/2585,1,8.296,8.296,1.395,0.568
tum,freiburg3_long_office_household,300,0,2278/2585,1,172.252,172.252,21.893,5.596
video,dreamworks,0,0,,,,,,
video,dreamworks,150,0,,,,,,
video,dreamworks,300,0,,,,,,
